0 verbose cli /usr/local/bin/node /usr/local/bin/npm
1 info using npm@11.12.1
2 info using node@v24.15.0
3 silly config load:file:/usr/local/lib/node_modules/npm/npmrc
4 silly config load:file:/Volumes/Macintosh HD - Data 1/konveksi-pos/.npmrc
5 silly config load:file:/Users/em2studio/.npmrc
6 silly config load:file:/usr/local/etc/npmrc
7 verbose title npm install
8 verbose argv "install" "--no-audit" "--no-fund"
9 verbose logfile logs-max:10 dir:/Volumes/Macintosh HD - Data 1/konveksi-pos/npm-cache/_logs/2026-09-19T09_18_51_494Z-
10 verbose logfile /Volumes/Macintosh HD - Data 1/konveksi-pos/npm-cache/_logs/2026-09-19T09_18_51_494Z-debug-0.log
11 silly logfile done cleaning log files
12 silly packumentCache heap:2348810240 maxSize:587202560 maxEntrySize:293601280
13 silly idealTree buildDeps
14 silly fetch manifest @supabase/supabase-js@^2.49.1
15 silly packumentCache full:https://registry.npmjs.org/@supabase%2fsupabase-js cache-miss
16 http fetch GET 200 https://registry.npmjs.org/@supabase%2fsupabase-js 558ms (cache miss)
17 silly packumentCache full:https://registry.npmjs.org/@supabase%2fsupabase-js set size:undefined disposed:false
18 silly fetch manifest @opentelemetry/api@>=1.0.0
19 silly packumentCache full:https://registry.npmjs.org/@opentelemetry%2fapi cache-miss
20 http fetch GET 200 https://registry.npmjs.org/@opentelemetry%2fapi 73ms (cache miss)
21 silly packumentCache full:https://registry.npmjs.org/@opentelemetry%2fapi set size:undefined disposed:false
22 silly fetch manifest class-variance-authority@^0.7.1
23 silly packumentCache full:https://registry.npmjs.org/class-variance-authority cache-miss
24 http fetch GET 200 https://registry.npmjs.org/class-variance-authority 40ms (cache miss)
25 silly packumentCache full:https://registry.npmjs.org/class-variance-authority set size:undefined disposed:false
26 silly fetch manifest clsx@^2.1.1
27 silly packumentCache full:https://registry.npmjs.org/clsx cache-miss
28 http fetch GET 200 https://registry.npmjs.org/clsx 211ms (cache miss)
29 silly packumentCache full:https://registry.npmjs.org/clsx set size:undefined disposed:false
30 silly fetch manifest date-fns@^4.1.0
31 silly packumentCache full:https://registry.npmjs.org/date-fns cache-miss
32 http fetch GET 200 https://registry.npmjs.org/date-fns 495ms (cache miss)
33 silly packumentCache full:https://registry.npmjs.org/date-fns set size:undefined disposed:false
34 silly fetch manifest lucide-react@^0.475.0
35 silly packumentCache full:https://registry.npmjs.org/lucide-react cache-miss
36 http fetch GET 200 https://registry.npmjs.org/lucide-react 197ms (cache miss)
37 silly packumentCache full:https://registry.npmjs.org/lucide-react set size:undefined disposed:false
38 silly fetch manifest react@^19.0.0
39 silly packumentCache full:https://registry.npmjs.org/react cache-miss
40 http fetch GET 200 https://registry.npmjs.org/react 461ms (cache miss)
41 silly packumentCache full:https://registry.npmjs.org/react set size:undefined disposed:false
42 silly fetch manifest react-dom@^19.0.0
43 silly packumentCache full:https://registry.npmjs.org/react-dom cache-miss
44 http fetch GET 200 https://registry.npmjs.org/react-dom 450ms (cache miss)
45 silly packumentCache full:https://registry.npmjs.org/react-dom set size:undefined disposed:false
46 silly fetch manifest react-router-dom@^7.2.0
47 silly packumentCache full:https://registry.npmjs.org/react-router-dom cache-miss
48 http fetch GET 200 https://registry.npmjs.org/react-router-dom 196ms (cache miss)
49 silly packumentCache full:https://registry.npmjs.org/react-router-dom set size:undefined disposed:false
50 silly fetch manifest recharts@^2.15.1
51 silly packumentCache full:https://registry.npmjs.org/recharts cache-miss
52 http fetch GET 200 https://registry.npmjs.org/recharts 372ms (cache miss)
53 silly packumentCache full:https://registry.npmjs.org/recharts set size:undefined disposed:false
54 silly fetch manifest sonner@^2.0.1
55 silly packumentCache full:https://registry.npmjs.org/sonner cache-miss
56 http fetch GET 200 https://registry.npmjs.org/sonner 36ms (cache miss)
57 silly packumentCache full:https://registry.npmjs.org/sonner set size:undefined disposed:false
58 silly fetch manifest @types/react@^19.0.10
59 silly packumentCache full:https://registry.npmjs.org/@types%2freact cache-miss
60 http fetch GET 200 https://registry.npmjs.org/@types%2freact 216ms (cache miss)
61 silly packumentCache full:https://registry.npmjs.org/@types%2freact set size:undefined disposed:false
62 silly fetch manifest tailwind-merge@^3.0.1
63 silly packumentCache full:https://registry.npmjs.org/tailwind-merge cache-miss
64 http fetch GET 200 https://registry.npmjs.org/tailwind-merge 115ms (cache miss)
65 silly packumentCache full:https://registry.npmjs.org/tailwind-merge set size:undefined disposed:false
66 silly fetch manifest zustand@^5.0.3
67 silly packumentCache full:https://registry.npmjs.org/zustand cache-miss
68 http fetch GET 200 https://registry.npmjs.org/zustand 250ms (cache miss)
69 silly packumentCache full:https://registry.npmjs.org/zustand set size:undefined disposed:false
70 silly fetch manifest immer@>=9.0.6
71 silly packumentCache full:https://registry.npmjs.org/immer cache-miss
72 http fetch GET 200 https://registry.npmjs.org/immer 86ms (cache miss)
73 silly packumentCache full:https://registry.npmjs.org/immer set size:undefined disposed:false
74 silly fetch manifest use-sync-external-store@>=1.2.0
75 silly packumentCache full:https://registry.npmjs.org/use-sync-external-store cache-miss
76 http fetch GET 200 https://registry.npmjs.org/use-sync-external-store 436ms (cache miss)
77 silly packumentCache full:https://registry.npmjs.org/use-sync-external-store set size:undefined disposed:false
78 silly fetch manifest @tailwindcss/vite@^4.0.9
79 silly packumentCache full:https://registry.npmjs.org/@tailwindcss%2fvite cache-miss
80 http fetch GET 200 https://registry.npmjs.org/@tailwindcss%2fvite 389ms (cache miss)
81 silly packumentCache full:https://registry.npmjs.org/@tailwindcss%2fvite set size:undefined disposed:false
82 silly fetch manifest vite@^6.2.0
83 silly packumentCache full:https://registry.npmjs.org/vite cache-miss
84 http fetch GET 200 https://registry.npmjs.org/vite 1232ms (cache miss)
85 silly packumentCache full:https://registry.npmjs.org/vite set size:undefined disposed:false
86 silly fetch manifest @types/node@^22.13.5
87 silly packumentCache full:https://registry.npmjs.org/@types%2fnode cache-miss
88 http fetch GET 200 https://registry.npmjs.org/@types%2fnode 376ms (cache miss)
89 silly packumentCache full:https://registry.npmjs.org/@types%2fnode set size:undefined disposed:false
90 silly fetch manifest jiti@>=1.21.0
91 silly packumentCache full:https://registry.npmjs.org/jiti cache-miss
92 http fetch GET 200 https://registry.npmjs.org/jiti 45ms (cache miss)
93 silly packumentCache full:https://registry.npmjs.org/jiti set size:undefined disposed:false
94 silly fetch manifest less@*
95 silly packumentCache full:https://registry.npmjs.org/less cache-miss
96 http fetch GET 200 https://registry.npmjs.org/less 87ms (cache miss)
97 silly packumentCache full:https://registry.npmjs.org/less set size:undefined disposed:false
98 silly fetch manifest lightningcss@^1.21.0
99 silly packumentCache full:https://registry.npmjs.org/lightningcss cache-miss
100 http fetch GET 200 https://registry.npmjs.org/lightningcss 32ms (cache miss)
101 silly packumentCache full:https://registry.npmjs.org/lightningcss set size:undefined disposed:false
102 silly fetch manifest sass@*
103 silly packumentCache full:https://registry.npmjs.org/sass cache-miss
104 http fetch GET 200 https://registry.npmjs.org/sass 67ms (cache miss)
105 silly packumentCache full:https://registry.npmjs.org/sass set size:undefined disposed:false
106 silly fetch manifest sass-embedded@*
107 silly packumentCache full:https://registry.npmjs.org/sass-embedded cache-miss
108 http fetch GET 200 https://registry.npmjs.org/sass-embedded 252ms (cache miss)
109 silly packumentCache full:https://registry.npmjs.org/sass-embedded set size:undefined disposed:false
110 silly fetch manifest stylus@*
111 silly packumentCache full:https://registry.npmjs.org/stylus cache-miss
112 http fetch GET 200 https://registry.npmjs.org/stylus 217ms (cache miss)
113 silly packumentCache full:https://registry.npmjs.org/stylus set size:undefined disposed:false
114 silly fetch manifest sugarss@*
115 silly packumentCache full:https://registry.npmjs.org/sugarss cache-miss
116 http fetch GET 200 https://registry.npmjs.org/sugarss 23ms (cache miss)
117 silly packumentCache full:https://registry.npmjs.org/sugarss set size:undefined disposed:false
118 silly fetch manifest postcss@^8.3.3
119 silly packumentCache full:https://registry.npmjs.org/postcss cache-miss
120 http fetch GET 200 https://registry.npmjs.org/postcss 58ms (cache miss)
121 silly packumentCache full:https://registry.npmjs.org/postcss set size:undefined disposed:false
122 silly fetch manifest terser@^5.16.0
123 silly packumentCache full:https://registry.npmjs.org/terser cache-miss
124 http fetch GET 200 https://registry.npmjs.org/terser 67ms (cache miss)
125 silly packumentCache full:https://registry.npmjs.org/terser set size:undefined disposed:false
126 silly fetch manifest tsx@^4.8.1
127 silly packumentCache full:https://registry.npmjs.org/tsx cache-miss
128 http fetch GET 200 https://registry.npmjs.org/tsx 71ms (cache miss)
129 silly packumentCache full:https://registry.npmjs.org/tsx set size:undefined disposed:false
130 silly fetch manifest yaml@^2.4.2
131 silly packumentCache full:https://registry.npmjs.org/yaml cache-miss
132 http fetch GET 200 https://registry.npmjs.org/yaml 47ms (cache miss)
133 silly packumentCache full:https://registry.npmjs.org/yaml set size:undefined disposed:false
134 silly fetch manifest @types/react-dom@^19.0.4
135 silly packumentCache full:https://registry.npmjs.org/@types%2freact-dom cache-miss
136 http fetch GET 200 https://registry.npmjs.org/@types%2freact-dom 53ms (cache miss)
137 silly packumentCache full:https://registry.npmjs.org/@types%2freact-dom set size:undefined disposed:false
138 silly fetch manifest @vitejs/plugin-react@^4.3.4
139 silly packumentCache full:https://registry.npmjs.org/@vitejs%2fplugin-react cache-miss
140 http fetch GET 200 https://registry.npmjs.org/@vitejs%2fplugin-react 59ms (cache miss)
141 silly packumentCache full:https://registry.npmjs.org/@vitejs%2fplugin-react set size:undefined disposed:false
142 silly fetch manifest tailwindcss@^4.0.9
143 silly packumentCache full:https://registry.npmjs.org/tailwindcss cache-miss
144 http fetch GET 200 https://registry.npmjs.org/tailwindcss 343ms (cache miss)
145 silly packumentCache full:https://registry.npmjs.org/tailwindcss set size:undefined disposed:false
146 silly fetch manifest typescript@~5.7.2
147 silly packumentCache full:https://registry.npmjs.org/typescript cache-miss
148 http fetch GET 200 https://registry.npmjs.org/typescript 479ms (cache miss)
149 silly packumentCache full:https://registry.npmjs.org/typescript set size:undefined disposed:false
150 silly placeDep ROOT @supabase/supabase-js@2.116.0 OK for: konveksi-pos@1.0.0 want: ^2.49.1
151 silly placeDep ROOT @tailwindcss/vite@4.3.3 OK for: konveksi-pos@1.0.0 want: ^4.0.9
152 silly placeDep ROOT vite@6.4.3 OK for: @tailwindcss/vite@4.3.3 want: ^5.2.0 || ^6 || ^7 || ^8
153 silly placeDep ROOT @types/node@22.20.4 OK for: konveksi-pos@1.0.0 want: ^22.13.5
154 silly placeDep ROOT @types/react@19.3.0 OK for: konveksi-pos@1.0.0 want: ^19.0.10
155 silly placeDep ROOT @types/react-dom@19.3.0 OK for: konveksi-pos@1.0.0 want: ^19.0.4
156 silly placeDep ROOT @vitejs/plugin-react@4.7.0 OK for: konveksi-pos@1.0.0 want: ^4.3.4
157 silly placeDep ROOT class-variance-authority@0.7.1 OK for: konveksi-pos@1.0.0 want: ^0.7.1
158 silly placeDep ROOT clsx@2.1.1 OK for: konveksi-pos@1.0.0 want: ^2.1.1
159 silly placeDep ROOT date-fns@4.4.0 OK for: konveksi-pos@1.0.0 want: ^4.1.0
160 silly placeDep ROOT lucide-react@0.475.0 OK for: konveksi-pos@1.0.0 want: ^0.475.0
161 silly placeDep ROOT react@19.3.0 OK for: lucide-react@0.475.0 want: ^16.5.1 || ^17.0.0 || ^18.0.0 || ^19.0.0
162 silly placeDep ROOT react-dom@19.3.0 OK for: konveksi-pos@1.0.0 want: ^19.0.0
163 silly placeDep ROOT react-router-dom@7.18.4 OK for: konveksi-pos@1.0.0 want: ^7.2.0
164 silly placeDep ROOT recharts@2.15.4 OK for: konveksi-pos@1.0.0 want: ^2.15.1
165 silly placeDep ROOT sonner@2.0.8 OK for: konveksi-pos@1.0.0 want: ^2.0.1
166 silly placeDep ROOT tailwind-merge@3.7.0 OK for: konveksi-pos@1.0.0 want: ^3.0.1
167 silly placeDep ROOT tailwindcss@4.3.3 OK for: konveksi-pos@1.0.0 want: ^4.0.9
168 silly placeDep ROOT typescript@5.7.3 OK for: konveksi-pos@1.0.0 want: ~5.7.2
169 silly placeDep ROOT zustand@5.0.15 OK for: konveksi-pos@1.0.0 want: ^5.0.3
170 silly fetch manifest @supabase/auth-js@2.116.0
171 silly packumentCache full:https://registry.npmjs.org/@supabase%2fauth-js cache-miss
172 silly fetch manifest @supabase/storage-js@2.116.0
173 silly packumentCache full:https://registry.npmjs.org/@supabase%2fstorage-js cache-miss
174 silly fetch manifest @supabase/realtime-js@2.116.0
175 silly packumentCache full:https://registry.npmjs.org/@supabase%2frealtime-js cache-miss
176 http fetch GET 200 https://registry.npmjs.org/@supabase%2frealtime-js 244ms (cache miss)
177 silly packumentCache full:https://registry.npmjs.org/@supabase%2frealtime-js set size:undefined disposed:false
178 silly fetch manifest @supabase/functions-js@2.116.0
179 silly packumentCache full:https://registry.npmjs.org/@supabase%2ffunctions-js cache-miss
180 http fetch GET 200 https://registry.npmjs.org/@supabase%2fstorage-js 425ms (cache miss)
181 silly packumentCache full:https://registry.npmjs.org/@supabase%2fstorage-js set size:undefined disposed:false
182 silly fetch manifest @supabase/postgrest-js@2.116.0
183 silly packumentCache full:https://registry.npmjs.org/@supabase%2fpostgrest-js cache-miss
184 http fetch GET 200 https://registry.npmjs.org/@supabase%2ffunctions-js 275ms (cache miss)
185 silly packumentCache full:https://registry.npmjs.org/@supabase%2ffunctions-js set size:undefined disposed:false
186 silly fetch manifest tailwindcss@4.3.3
187 silly packumentCache full:https://registry.npmjs.org/tailwindcss cache-miss
188 http cache https://registry.npmjs.org/tailwindcss 50ms (cache hit)
189 silly packumentCache full:https://registry.npmjs.org/tailwindcss set size:10879261 disposed:false
190 silly fetch manifest @tailwindcss/node@4.3.3
191 silly packumentCache full:https://registry.npmjs.org/@tailwindcss%2fnode cache-miss
192 http fetch GET 200 https://registry.npmjs.org/@supabase%2fpostgrest-js 335ms (cache miss)
193 silly packumentCache full:https://registry.npmjs.org/@supabase%2fpostgrest-js set size:undefined disposed:false
194 silly fetch manifest @tailwindcss/oxide@4.3.3
195 silly packumentCache full:https://registry.npmjs.org/@tailwindcss%2foxide cache-miss
196 http fetch GET 200 https://registry.npmjs.org/@supabase%2fauth-js 882ms (cache miss)
197 silly packumentCache full:https://registry.npmjs.org/@supabase%2fauth-js set size:undefined disposed:false
198 silly fetch manifest fdir@^6.4.4
199 silly packumentCache full:https://registry.npmjs.org/fdir cache-miss
200 http fetch GET 200 https://registry.npmjs.org/@tailwindcss%2fnode 233ms (cache miss)
201 silly packumentCache full:https://registry.npmjs.org/@tailwindcss%2fnode set size:undefined disposed:false
202 silly fetch manifest rollup@^4.34.9
203 silly packumentCache full:https://registry.npmjs.org/rollup cache-miss
204 http fetch GET 200 https://registry.npmjs.org/fdir 71ms (cache miss)
205 silly packumentCache full:https://registry.npmjs.org/fdir set size:undefined disposed:false
206 silly fetch manifest esbuild@^0.25.0
207 silly packumentCache full:https://registry.npmjs.org/esbuild cache-miss
208 http fetch GET 200 https://registry.npmjs.org/esbuild 409ms (cache miss)
209 silly packumentCache full:https://registry.npmjs.org/esbuild set size:undefined disposed:false
210 silly fetch manifest postcss@^8.5.3
211 silly packumentCache full:https://registry.npmjs.org/postcss cache-miss
212 http cache https://registry.npmjs.org/postcss 20ms (cache hit)
213 silly packumentCache full:https://registry.npmjs.org/postcss set size:766699 disposed:false
214 silly fetch manifest picomatch@^4.0.2
215 silly packumentCache full:https://registry.npmjs.org/picomatch cache-miss
216 http fetch GET 200 https://registry.npmjs.org/@tailwindcss%2foxide 640ms (cache miss)
217 silly packumentCache full:https://registry.npmjs.org/@tailwindcss%2foxide set size:undefined disposed:false
218 silly fetch manifest tinyglobby@^0.2.13
219 silly packumentCache full:https://registry.npmjs.org/tinyglobby cache-miss
220 http fetch GET 200 https://registry.npmjs.org/picomatch 92ms (cache miss)
221 silly packumentCache full:https://registry.npmjs.org/picomatch set size:undefined disposed:false
222 silly fetch manifest fsevents@~2.3.3
223 silly packumentCache full:https://registry.npmjs.org/fsevents cache-miss
224 http fetch GET 200 https://registry.npmjs.org/tinyglobby 53ms (cache miss)
225 silly packumentCache full:https://registry.npmjs.org/tinyglobby set size:undefined disposed:false
226 silly fetch manifest undici-types@~6.21.0
227 silly packumentCache full:https://registry.npmjs.org/undici-types cache-miss
228 http fetch GET 200 https://registry.npmjs.org/rollup 616ms (cache miss)
229 silly packumentCache full:https://registry.npmjs.org/rollup set size:undefined disposed:false
230 silly fetch manifest csstype@^3.2.2
231 silly packumentCache full:https://registry.npmjs.org/csstype cache-miss
232 http fetch GET 200 https://registry.npmjs.org/fsevents 143ms (cache miss)
233 silly packumentCache full:https://registry.npmjs.org/fsevents set size:undefined disposed:false
234 silly fetch manifest @babel/core@^7.28.0
235 silly packumentCache full:https://registry.npmjs.org/@babel%2fcore cache-miss
236 http fetch GET 200 https://registry.npmjs.org/undici-types 144ms (cache miss)
237 silly packumentCache full:https://registry.npmjs.org/undici-types set size:undefined disposed:false
238 silly fetch manifest react-refresh@^0.17.0
239 silly packumentCache full:https://registry.npmjs.org/react-refresh cache-miss
240 http fetch GET 200 https://registry.npmjs.org/csstype 67ms (cache miss)
241 silly packumentCache full:https://registry.npmjs.org/csstype set size:undefined disposed:false
242 silly fetch manifest @types/babel__core@^7.20.5
243 silly packumentCache full:https://registry.npmjs.org/@types%2fbabel__core cache-miss
244 http fetch GET 200 https://registry.npmjs.org/@babel%2fcore 112ms (cache miss)
245 silly packumentCache full:https://registry.npmjs.org/@babel%2fcore set size:undefined disposed:false
246 silly fetch manifest @rolldown/pluginutils@1.0.0-beta.27
247 silly packumentCache full:https://registry.npmjs.org/@rolldown%2fpluginutils cache-miss
248 http fetch GET 200 https://registry.npmjs.org/@types%2fbabel__core 106ms (cache miss)
249 silly packumentCache full:https://registry.npmjs.org/@types%2fbabel__core set size:undefined disposed:false
250 silly fetch manifest @babel/plugin-transform-react-jsx-self@^7.27.1
251 silly packumentCache full:https://registry.npmjs.org/@babel%2fplugin-transform-react-jsx-self cache-miss
252 http fetch GET 200 https://registry.npmjs.org/@rolldown%2fpluginutils 147ms (cache miss)
253 silly packumentCache full:https://registry.npmjs.org/@rolldown%2fpluginutils set size:undefined disposed:false
254 silly fetch manifest @babel/plugin-transform-react-jsx-source@^7.27.1
255 silly packumentCache full:https://registry.npmjs.org/@babel%2fplugin-transform-react-jsx-source cache-miss
256 http fetch GET 200 https://registry.npmjs.org/@babel%2fplugin-transform-react-jsx-self 303ms (cache miss)
257 silly packumentCache full:https://registry.npmjs.org/@babel%2fplugin-transform-react-jsx-self set size:undefined disposed:false
258 silly fetch manifest scheduler@^0.28.0
259 silly packumentCache full:https://registry.npmjs.org/scheduler cache-miss
260 http fetch GET 200 https://registry.npmjs.org/react-refresh 562ms (cache miss)
261 silly packumentCache full:https://registry.npmjs.org/react-refresh set size:undefined disposed:false
262 silly fetch manifest react-router@7.18.4
263 silly packumentCache full:https://registry.npmjs.org/react-router cache-miss
264 http fetch GET 200 https://registry.npmjs.org/@babel%2fplugin-transform-react-jsx-source 420ms (cache miss)
265 silly packumentCache full:https://registry.npmjs.org/@babel%2fplugin-transform-react-jsx-source set size:undefined disposed:false
266 silly fetch manifest lodash@^4.17.21
267 silly packumentCache full:https://registry.npmjs.org/lodash cache-miss
268 http fetch GET 200 https://registry.npmjs.org/lodash 123ms (cache miss)
269 silly packumentCache full:https://registry.npmjs.org/lodash set size:undefined disposed:false
270 silly fetch manifest react-is@^18.3.1
271 silly packumentCache full:https://registry.npmjs.org/react-is cache-miss
272 http fetch GET 200 https://registry.npmjs.org/react-router 601ms (cache miss)
273 silly packumentCache full:https://registry.npmjs.org/react-router set size:undefined disposed:false
274 silly fetch manifest react-smooth@^4.0.4
275 silly packumentCache full:https://registry.npmjs.org/react-smooth cache-miss
276 http fetch GET 200 https://registry.npmjs.org/scheduler 876ms (cache miss)
277 silly packumentCache full:https://registry.npmjs.org/scheduler set size:undefined disposed:false
278 silly fetch manifest eventemitter3@^4.0.1
279 silly packumentCache full:https://registry.npmjs.org/eventemitter3 cache-miss
280 http fetch GET 200 https://registry.npmjs.org/react-smooth 264ms (cache miss)
281 silly packumentCache full:https://registry.npmjs.org/react-smooth set size:undefined disposed:false
282 silly fetch manifest recharts-scale@^0.4.4
283 silly packumentCache full:https://registry.npmjs.org/recharts-scale cache-miss
284 http fetch GET 200 https://registry.npmjs.org/eventemitter3 239ms (cache miss)
285 silly packumentCache full:https://registry.npmjs.org/eventemitter3 set size:undefined disposed:false
286 silly fetch manifest tiny-invariant@^1.3.1
287 silly packumentCache full:https://registry.npmjs.org/tiny-invariant cache-miss
288 http fetch GET 200 https://registry.npmjs.org/recharts-scale 232ms (cache miss)
289 silly packumentCache full:https://registry.npmjs.org/recharts-scale set size:undefined disposed:false
290 silly fetch manifest victory-vendor@^36.6.8
291 silly packumentCache full:https://registry.npmjs.org/victory-vendor cache-miss
292 http fetch GET 200 https://registry.npmjs.org/react-is 977ms (cache miss)
293 silly packumentCache full:https://registry.npmjs.org/react-is set size:undefined disposed:false
294 http fetch GET 200 https://registry.npmjs.org/tiny-invariant 275ms (cache miss)
295 silly packumentCache full:https://registry.npmjs.org/tiny-invariant set size:undefined disposed:false
296 http fetch GET 200 https://registry.npmjs.org/victory-vendor 213ms (cache miss)
297 silly packumentCache full:https://registry.npmjs.org/victory-vendor set size:undefined disposed:false
298 silly placeDep ROOT @supabase/auth-js@2.116.0 OK for: @supabase/supabase-js@2.116.0 want: 2.116.0
299 silly placeDep ROOT @supabase/functions-js@2.116.0 OK for: @supabase/supabase-js@2.116.0 want: 2.116.0
300 silly placeDep ROOT @supabase/postgrest-js@2.116.0 OK for: @supabase/supabase-js@2.116.0 want: 2.116.0
301 silly placeDep ROOT @supabase/realtime-js@2.116.0 OK for: @supabase/supabase-js@2.116.0 want: 2.116.0
302 silly placeDep ROOT @supabase/storage-js@2.116.0 OK for: @supabase/supabase-js@2.116.0 want: 2.116.0
303 silly fetch manifest tslib@2.8.1
304 silly packumentCache full:https://registry.npmjs.org/tslib cache-miss
305 silly fetch manifest tslib@2.8.1
306 silly packumentCache full:https://registry.npmjs.org/tslib cache-miss
307 silly fetch manifest tslib@2.8.1
308 silly packumentCache full:https://registry.npmjs.org/tslib cache-miss
309 http fetch GET 200 https://registry.npmjs.org/tslib 59ms (cache miss)
310 silly packumentCache full:https://registry.npmjs.org/tslib set size:undefined disposed:false
311 silly fetch manifest @supabase/phoenix@0.4.5
312 silly packumentCache full:https://registry.npmjs.org/@supabase%2fphoenix cache-miss
313 http fetch GET 200 https://registry.npmjs.org/tslib 63ms (cache miss)
314 silly packumentCache full:https://registry.npmjs.org/tslib set size:undefined disposed:false
315 silly fetch manifest iceberg-js@^0.8.1
316 silly packumentCache full:https://registry.npmjs.org/iceberg-js cache-miss
317 http fetch GET 200 https://registry.npmjs.org/tslib 65ms (cache miss)
318 silly packumentCache full:https://registry.npmjs.org/tslib set size:undefined disposed:false
319 http fetch GET 200 https://registry.npmjs.org/iceberg-js 54ms (cache miss)
320 silly packumentCache full:https://registry.npmjs.org/iceberg-js set size:undefined disposed:false
321 http fetch GET 200 https://registry.npmjs.org/@supabase%2fphoenix 225ms (cache miss)
322 silly packumentCache full:https://registry.npmjs.org/@supabase%2fphoenix set size:undefined disposed:false
323 silly placeDep ROOT tslib@2.8.1 OK for: @supabase/auth-js@2.116.0 want: 2.8.1
324 silly placeDep ROOT @supabase/phoenix@0.4.5 OK for: @supabase/realtime-js@2.116.0 want: 0.4.5
325 silly placeDep ROOT iceberg-js@0.8.1 OK for: @supabase/storage-js@2.116.0 want: ^0.8.1
326 silly placeDep ROOT @tailwindcss/node@4.3.3 OK for: @tailwindcss/vite@4.3.3 want: 4.3.3
327 silly placeDep ROOT @tailwindcss/oxide@4.3.3 OK for: @tailwindcss/vite@4.3.3 want: 4.3.3
328 silly fetch manifest jiti@^2.7.0
329 silly packumentCache full:https://registry.npmjs.org/jiti cache-miss
330 silly fetch manifest lightningcss@1.32.0
331 silly packumentCache full:https://registry.npmjs.org/lightningcss cache-miss
332 silly fetch manifest magic-string@^0.30.21
333 silly packumentCache full:https://registry.npmjs.org/magic-string cache-miss
334 http cache https://registry.npmjs.org/lightningcss 19ms (cache hit)
335 silly packumentCache full:https://registry.npmjs.org/lightningcss set size:191065 disposed:false
336 silly fetch manifest source-map-js@^1.2.1
337 silly packumentCache full:https://registry.npmjs.org/source-map-js cache-miss
338 http cache https://registry.npmjs.org/jiti 30ms (cache hit)
339 silly packumentCache full:https://registry.npmjs.org/jiti set size:387989 disposed:false
340 silly fetch manifest enhanced-resolve@^5.24.1
341 silly packumentCache full:https://registry.npmjs.org/enhanced-resolve cache-miss
342 http fetch GET 200 https://registry.npmjs.org/magic-string 67ms (cache miss)
343 silly packumentCache full:https://registry.npmjs.org/magic-string set size:undefined disposed:false
344 silly fetch manifest @jridgewell/remapping@^2.3.5
345 silly packumentCache full:https://registry.npmjs.org/@jridgewell%2fremapping cache-miss
346 http fetch GET 200 https://registry.npmjs.org/source-map-js 49ms (cache miss)
347 silly packumentCache full:https://registry.npmjs.org/source-map-js set size:undefined disposed:false
348 silly fetch manifest @tailwindcss/oxide-darwin-x64@4.3.3
349 silly packumentCache full:https://registry.npmjs.org/@tailwindcss%2foxide-darwin-x64 cache-miss
350 http fetch GET 200 https://registry.npmjs.org/enhanced-resolve 78ms (cache miss)
351 silly packumentCache full:https://registry.npmjs.org/enhanced-resolve set size:undefined disposed:false
352 silly fetch manifest @tailwindcss/oxide-freebsd-x64@4.3.3
353 silly packumentCache full:https://registry.npmjs.org/@tailwindcss%2foxide-freebsd-x64 cache-miss
354 http fetch GET 200 https://registry.npmjs.org/@jridgewell%2fremapping 299ms (cache miss)
355 silly packumentCache full:https://registry.npmjs.org/@jridgewell%2fremapping set size:undefined disposed:false
356 silly fetch manifest @tailwindcss/oxide-wasm32-wasi@4.3.3
357 silly packumentCache full:https://registry.npmjs.org/@tailwindcss%2foxide-wasm32-wasi cache-miss
358 http fetch GET 200 https://registry.npmjs.org/@tailwindcss%2foxide-freebsd-x64 258ms (cache miss)
359 silly packumentCache full:https://registry.npmjs.org/@tailwindcss%2foxide-freebsd-x64 set size:undefined disposed:false
360 silly fetch manifest @tailwindcss/oxide-darwin-arm64@4.3.3
361 silly packumentCache full:https://registry.npmjs.org/@tailwindcss%2foxide-darwin-arm64 cache-miss
362 http fetch GET 200 https://registry.npmjs.org/@tailwindcss%2foxide-wasm32-wasi 179ms (cache miss)
363 silly packumentCache full:https://registry.npmjs.org/@tailwindcss%2foxide-wasm32-wasi set size:undefined disposed:false
364 silly fetch manifest @tailwindcss/oxide-android-arm64@4.3.3
365 silly packumentCache full:https://registry.npmjs.org/@tailwindcss%2foxide-android-arm64 cache-miss
366 http fetch GET 200 https://registry.npmjs.org/@tailwindcss%2foxide-darwin-x64 493ms (cache miss)
367 silly packumentCache full:https://registry.npmjs.org/@tailwindcss%2foxide-darwin-x64 set size:undefined disposed:false
368 silly fetch manifest @tailwindcss/oxide-linux-x64-gnu@4.3.3
369 silly packumentCache full:https://registry.npmjs.org/@tailwindcss%2foxide-linux-x64-gnu cache-miss
370 http fetch GET 200 https://registry.npmjs.org/@tailwindcss%2foxide-darwin-arm64 452ms (cache miss)
371 silly packumentCache full:https://registry.npmjs.org/@tailwindcss%2foxide-darwin-arm64 set size:undefined disposed:false
372 silly fetch manifest @tailwindcss/oxide-linux-x64-musl@4.3.3
373 silly packumentCache full:https://registry.npmjs.org/@tailwindcss%2foxide-linux-x64-musl cache-miss
374 http fetch GET 200 https://registry.npmjs.org/@tailwindcss%2foxide-android-arm64 378ms (cache miss)
375 silly packumentCache full:https://registry.npmjs.org/@tailwindcss%2foxide-android-arm64 set size:undefined disposed:false
376 silly fetch manifest @tailwindcss/oxide-win32-x64-msvc@4.3.3
377 silly packumentCache full:https://registry.npmjs.org/@tailwindcss%2foxide-win32-x64-msvc cache-miss
378 http fetch GET 200 https://registry.npmjs.org/@tailwindcss%2foxide-linux-x64-gnu 481ms (cache miss)
379 silly packumentCache full:https://registry.npmjs.org/@tailwindcss%2foxide-linux-x64-gnu set size:undefined disposed:false
380 silly fetch manifest @tailwindcss/oxide-linux-arm64-gnu@4.3.3
381 silly packumentCache full:https://registry.npmjs.org/@tailwindcss%2foxide-linux-arm64-gnu cache-miss
382 http fetch GET 200 https://registry.npmjs.org/@tailwindcss%2foxide-linux-x64-musl 472ms (cache miss)
383 silly packumentCache full:https://registry.npmjs.org/@tailwindcss%2foxide-linux-x64-musl set size:undefined disposed:false
384 silly fetch manifest @tailwindcss/oxide-linux-arm64-musl@4.3.3
385 silly packumentCache full:https://registry.npmjs.org/@tailwindcss%2foxide-linux-arm64-musl cache-miss
386 http fetch GET 200 https://registry.npmjs.org/@tailwindcss%2foxide-linux-arm64-gnu 543ms (cache miss)
387 silly packumentCache full:https://registry.npmjs.org/@tailwindcss%2foxide-linux-arm64-gnu set size:undefined disposed:false
388 silly fetch manifest @tailwindcss/oxide-win32-arm64-msvc@4.3.3
389 silly packumentCache full:https://registry.npmjs.org/@tailwindcss%2foxide-win32-arm64-msvc cache-miss
390 http fetch GET 200 https://registry.npmjs.org/@tailwindcss%2foxide-linux-arm64-musl 390ms (cache miss)
391 silly packumentCache full:https://registry.npmjs.org/@tailwindcss%2foxide-linux-arm64-musl set size:undefined disposed:false
392 silly fetch manifest @tailwindcss/oxide-linux-arm-gnueabihf@4.3.3
393 silly packumentCache full:https://registry.npmjs.org/@tailwindcss%2foxide-linux-arm-gnueabihf cache-miss
394 http fetch GET 200 https://registry.npmjs.org/@tailwindcss%2foxide-win32-x64-msvc 866ms (cache miss)
395 silly packumentCache full:https://registry.npmjs.org/@tailwindcss%2foxide-win32-x64-msvc set size:undefined disposed:false
396 http fetch GET 200 https://registry.npmjs.org/@tailwindcss%2foxide-win32-arm64-msvc 265ms (cache miss)
397 silly packumentCache full:https://registry.npmjs.org/@tailwindcss%2foxide-win32-arm64-msvc set size:undefined disposed:false
398 http fetch GET 200 https://registry.npmjs.org/@tailwindcss%2foxide-linux-arm-gnueabihf 305ms (cache miss)
399 silly packumentCache full:https://registry.npmjs.org/@tailwindcss%2foxide-linux-arm-gnueabihf set size:undefined disposed:false
400 silly placeDep ROOT @jridgewell/remapping@2.3.5 OK for: @tailwindcss/node@4.3.3 want: ^2.3.5
401 silly placeDep ROOT enhanced-resolve@5.25.1 OK for: @tailwindcss/node@4.3.3 want: ^5.24.1
402 silly placeDep ROOT jiti@2.7.0 OK for: @tailwindcss/node@4.3.3 want: ^2.7.0
403 silly placeDep ROOT lightningcss@1.32.0 OK for: @tailwindcss/node@4.3.3 want: 1.32.0
404 silly placeDep ROOT magic-string@0.30.21 OK for: @tailwindcss/node@4.3.3 want: ^0.30.21
405 silly placeDep ROOT source-map-js@1.2.1 OK for: @tailwindcss/node@4.3.3 want: ^1.2.1
406 silly fetch manifest @jridgewell/gen-mapping@^0.3.5
407 silly packumentCache full:https://registry.npmjs.org/@jridgewell%2fgen-mapping cache-miss
408 silly fetch manifest @jridgewell/trace-mapping@^0.3.24
409 silly packumentCache full:https://registry.npmjs.org/@jridgewell%2ftrace-mapping cache-miss
410 silly fetch manifest tapable@^2.3.3
411 silly packumentCache full:https://registry.npmjs.org/tapable cache-miss
412 http fetch GET 200 https://registry.npmjs.org/@jridgewell%2fgen-mapping 87ms (cache miss)
413 silly packumentCache full:https://registry.npmjs.org/@jridgewell%2fgen-mapping set size:undefined disposed:false
414 silly fetch manifest graceful-fs@^4.2.4
415 silly packumentCache full:https://registry.npmjs.org/graceful-fs cache-miss
416 http fetch GET 200 https://registry.npmjs.org/tapable 84ms (cache miss)
417 silly packumentCache full:https://registry.npmjs.org/tapable set size:undefined disposed:false
418 silly fetch manifest detect-libc@^2.0.3
419 silly packumentCache full:https://registry.npmjs.org/detect-libc cache-miss
420 http fetch GET 200 https://registry.npmjs.org/graceful-fs 53ms (cache miss)
421 silly packumentCache full:https://registry.npmjs.org/graceful-fs set size:undefined disposed:false
422 silly fetch manifest lightningcss-darwin-x64@1.32.0
423 silly packumentCache full:https://registry.npmjs.org/lightningcss-darwin-x64 cache-miss
424 http fetch GET 200 https://registry.npmjs.org/detect-libc 110ms (cache miss)
425 silly packumentCache full:https://registry.npmjs.org/detect-libc set size:undefined disposed:false
426 silly fetch manifest lightningcss-freebsd-x64@1.32.0
427 silly packumentCache full:https://registry.npmjs.org/lightningcss-freebsd-x64 cache-miss
428 http fetch GET 200 https://registry.npmjs.org/lightningcss-darwin-x64 82ms (cache miss)
429 silly packumentCache full:https://registry.npmjs.org/lightningcss-darwin-x64 set size:undefined disposed:false
430 silly fetch manifest lightningcss-darwin-arm64@1.32.0
431 silly packumentCache full:https://registry.npmjs.org/lightningcss-darwin-arm64 cache-miss
432 http fetch GET 200 https://registry.npmjs.org/@jridgewell%2ftrace-mapping 262ms (cache miss)
433 silly packumentCache full:https://registry.npmjs.org/@jridgewell%2ftrace-mapping set size:undefined disposed:false
434 silly fetch manifest lightningcss-android-arm64@1.32.0
435 silly packumentCache full:https://registry.npmjs.org/lightningcss-android-arm64 cache-miss
436 http fetch GET 200 https://registry.npmjs.org/lightningcss-freebsd-x64 55ms (cache miss)
437 silly packumentCache full:https://registry.npmjs.org/lightningcss-freebsd-x64 set size:undefined disposed:false
438 silly fetch manifest lightningcss-linux-x64-gnu@1.32.0
439 silly packumentCache full:https://registry.npmjs.org/lightningcss-linux-x64-gnu cache-miss
440 http fetch GET 200 https://registry.npmjs.org/lightningcss-darwin-arm64 56ms (cache miss)
441 silly packumentCache full:https://registry.npmjs.org/lightningcss-darwin-arm64 set size:undefined disposed:false
442 silly fetch manifest lightningcss-linux-x64-musl@1.32.0
443 silly packumentCache full:https://registry.npmjs.org/lightningcss-linux-x64-musl cache-miss
444 http fetch GET 200 https://registry.npmjs.org/lightningcss-android-arm64 35ms (cache miss)
445 silly packumentCache full:https://registry.npmjs.org/lightningcss-android-arm64 set size:undefined disposed:false
446 silly fetch manifest lightningcss-win32-x64-msvc@1.32.0
447 silly packumentCache full:https://registry.npmjs.org/lightningcss-win32-x64-msvc cache-miss
448 http fetch GET 200 https://registry.npmjs.org/lightningcss-linux-x64-gnu 40ms (cache miss)
449 silly packumentCache full:https://registry.npmjs.org/lightningcss-linux-x64-gnu set size:undefined disposed:false
450 silly fetch manifest lightningcss-linux-arm64-gnu@1.32.0
451 silly packumentCache full:https://registry.npmjs.org/lightningcss-linux-arm64-gnu cache-miss
452 http fetch GET 200 https://registry.npmjs.org/lightningcss-linux-x64-musl 87ms (cache miss)
453 silly packumentCache full:https://registry.npmjs.org/lightningcss-linux-x64-musl set size:undefined disposed:false
454 silly fetch manifest lightningcss-linux-arm64-musl@1.32.0
455 silly packumentCache full:https://registry.npmjs.org/lightningcss-linux-arm64-musl cache-miss
456 http fetch GET 200 https://registry.npmjs.org/lightningcss-linux-arm64-gnu 72ms (cache miss)
457 silly packumentCache full:https://registry.npmjs.org/lightningcss-linux-arm64-gnu set size:undefined disposed:false
458 silly fetch manifest lightningcss-win32-arm64-msvc@1.32.0
459 silly packumentCache full:https://registry.npmjs.org/lightningcss-win32-arm64-msvc cache-miss
460 http fetch GET 200 https://registry.npmjs.org/lightningcss-linux-arm64-musl 53ms (cache miss)
461 silly packumentCache full:https://registry.npmjs.org/lightningcss-linux-arm64-musl set size:undefined disposed:false
462 silly fetch manifest lightningcss-linux-arm-gnueabihf@1.32.0
463 silly packumentCache full:https://registry.npmjs.org/lightningcss-linux-arm-gnueabihf cache-miss
464 http fetch GET 200 https://registry.npmjs.org/lightningcss-win32-arm64-msvc 44ms (cache miss)
465 silly packumentCache full:https://registry.npmjs.org/lightningcss-win32-arm64-msvc set size:undefined disposed:false
466 silly fetch manifest @jridgewell/sourcemap-codec@^1.5.5
467 silly packumentCache full:https://registry.npmjs.org/@jridgewell%2fsourcemap-codec cache-miss
468 http fetch GET 200 https://registry.npmjs.org/lightningcss-linux-arm-gnueabihf 42ms (cache miss)
469 silly packumentCache full:https://registry.npmjs.org/lightningcss-linux-arm-gnueabihf set size:undefined disposed:false
470 http fetch GET 200 https://registry.npmjs.org/@jridgewell%2fsourcemap-codec 50ms (cache miss)
471 silly packumentCache full:https://registry.npmjs.org/@jridgewell%2fsourcemap-codec set size:undefined disposed:false
472 http fetch GET 200 https://registry.npmjs.org/lightningcss-win32-x64-msvc 212ms (cache miss)
473 silly packumentCache full:https://registry.npmjs.org/lightningcss-win32-x64-msvc set size:undefined disposed:false
474 silly placeDep ROOT @jridgewell/gen-mapping@0.3.13 OK for: @jridgewell/remapping@2.3.5 want: ^0.3.5
475 silly placeDep ROOT @jridgewell/trace-mapping@0.3.31 OK for: @jridgewell/remapping@2.3.5 want: ^0.3.24
476 silly fetch manifest @jridgewell/sourcemap-codec@^1.5.0
477 silly packumentCache full:https://registry.npmjs.org/@jridgewell%2fsourcemap-codec cache-miss
478 silly fetch manifest @jridgewell/resolve-uri@^3.1.0
479 silly packumentCache full:https://registry.npmjs.org/@jridgewell%2fresolve-uri cache-miss
480 silly fetch manifest @jridgewell/sourcemap-codec@^1.4.14
481 silly packumentCache full:https://registry.npmjs.org/@jridgewell%2fsourcemap-codec cache-miss
482 http cache https://registry.npmjs.org/@jridgewell%2fsourcemap-codec 14ms (cache hit)
483 silly packumentCache full:https://registry.npmjs.org/@jridgewell%2fsourcemap-codec set size:65255 disposed:false
484 http cache https://registry.npmjs.org/@jridgewell%2fsourcemap-codec 14ms (cache hit)
485 silly packumentCache full:https://registry.npmjs.org/@jridgewell%2fsourcemap-codec set size:65255 disposed:false
486 silly packumentCache full:https://registry.npmjs.org/@jridgewell%2fsourcemap-codec dispose
487 http fetch GET 200 https://registry.npmjs.org/@jridgewell%2fresolve-uri 43ms (cache miss)
488 silly packumentCache full:https://registry.npmjs.org/@jridgewell%2fresolve-uri set size:undefined disposed:false
489 silly placeDep ROOT @jridgewell/sourcemap-codec@1.6.0 OK for: @jridgewell/gen-mapping@0.3.13 want: ^1.5.0
490 silly placeDep ROOT @jridgewell/resolve-uri@3.1.2 OK for: @jridgewell/trace-mapping@0.3.31 want: ^3.1.0
491 silly placeDep ROOT @tailwindcss/oxide-android-arm64@4.3.3 OK for: @tailwindcss/oxide@4.3.3 want: 4.3.3
492 silly placeDep ROOT @tailwindcss/oxide-darwin-arm64@4.3.3 OK for: @tailwindcss/oxide@4.3.3 want: 4.3.3
493 silly placeDep ROOT @tailwindcss/oxide-darwin-x64@4.3.3 OK for: @tailwindcss/oxide@4.3.3 want: 4.3.3
494 silly placeDep ROOT @tailwindcss/oxide-freebsd-x64@4.3.3 OK for: @tailwindcss/oxide@4.3.3 want: 4.3.3
495 silly placeDep ROOT @tailwindcss/oxide-linux-arm-gnueabihf@4.3.3 OK for: @tailwindcss/oxide@4.3.3 want: 4.3.3
496 silly placeDep ROOT @tailwindcss/oxide-linux-arm64-gnu@4.3.3 OK for: @tailwindcss/oxide@4.3.3 want: 4.3.3
497 silly placeDep ROOT @tailwindcss/oxide-linux-arm64-musl@4.3.3 OK for: @tailwindcss/oxide@4.3.3 want: 4.3.3
498 silly placeDep ROOT @tailwindcss/oxide-linux-x64-gnu@4.3.3 OK for: @tailwindcss/oxide@4.3.3 want: 4.3.3
499 silly placeDep ROOT @tailwindcss/oxide-linux-x64-musl@4.3.3 OK for: @tailwindcss/oxide@4.3.3 want: 4.3.3
500 silly placeDep ROOT @tailwindcss/oxide-wasm32-wasi@4.3.3 OK for: @tailwindcss/oxide@4.3.3 want: 4.3.3
501 silly placeDep ROOT @tailwindcss/oxide-win32-arm64-msvc@4.3.3 OK for: @tailwindcss/oxide@4.3.3 want: 4.3.3
502 silly placeDep ROOT @tailwindcss/oxide-win32-x64-msvc@4.3.3 OK for: @tailwindcss/oxide@4.3.3 want: 4.3.3
503 silly placeDep ROOT undici-types@6.21.0 OK for: @types/node@22.20.4 want: ~6.21.0
504 silly placeDep ROOT csstype@3.2.3 OK for: @types/react@19.3.0 want: ^3.2.2
505 silly placeDep ROOT @babel/core@7.29.7 OK for: @vitejs/plugin-react@4.7.0 want: ^7.28.0
506 silly placeDep ROOT @babel/plugin-transform-react-jsx-self@7.29.7 OK for: @vitejs/plugin-react@4.7.0 want: ^7.27.1
507 silly placeDep ROOT @babel/plugin-transform-react-jsx-source@7.29.7 OK for: @vitejs/plugin-react@4.7.0 want: ^7.27.1
508 silly placeDep ROOT @rolldown/pluginutils@1.0.0-beta.27 OK for: @vitejs/plugin-react@4.7.0 want: 1.0.0-beta.27
509 silly placeDep ROOT @types/babel__core@7.20.5 OK for: @vitejs/plugin-react@4.7.0 want: ^7.20.5
510 silly placeDep ROOT react-refresh@0.17.0 OK for: @vitejs/plugin-react@4.7.0 want: ^0.17.0
511 silly fetch manifest debug@^4.1.0
512 silly packumentCache full:https://registry.npmjs.org/debug cache-miss
513 silly fetch manifest json5@^2.2.3
514 silly packumentCache full:https://registry.npmjs.org/json5 cache-miss
515 silly fetch manifest semver@^6.3.1
516 silly packumentCache full:https://registry.npmjs.org/semver cache-miss
517 http fetch GET 200 https://registry.npmjs.org/json5 51ms (cache miss)
518 silly packumentCache full:https://registry.npmjs.org/json5 set size:undefined disposed:false
519 silly fetch manifest gensync@^1.0.0-beta.2
520 silly packumentCache full:https://registry.npmjs.org/gensync cache-miss
521 http fetch GET 200 https://registry.npmjs.org/debug 91ms (cache miss)
522 silly packumentCache full:https://registry.npmjs.org/debug set size:undefined disposed:false
523 silly fetch manifest @babel/types@^7.29.7
524 silly packumentCache full:https://registry.npmjs.org/@babel%2ftypes cache-miss
525 http fetch GET 200 https://registry.npmjs.org/semver 99ms (cache miss)
526 silly packumentCache full:https://registry.npmjs.org/semver set size:undefined disposed:false
527 silly fetch manifest @babel/parser@^7.29.7
528 silly packumentCache full:https://registry.npmjs.org/@babel%2fparser cache-miss
529 http fetch GET 200 https://registry.npmjs.org/gensync 50ms (cache miss)
530 silly packumentCache full:https://registry.npmjs.org/gensync set size:undefined disposed:false
531 silly fetch manifest @babel/helpers@^7.29.7
532 silly packumentCache full:https://registry.npmjs.org/@babel%2fhelpers cache-miss
533 http fetch GET 200 https://registry.npmjs.org/@babel%2ftypes 100ms (cache miss)
534 silly packumentCache full:https://registry.npmjs.org/@babel%2ftypes set size:undefined disposed:false
535 silly fetch manifest @babel/template@^7.29.7
536 silly packumentCache full:https://registry.npmjs.org/@babel%2ftemplate cache-miss
537 http fetch GET 200 https://registry.npmjs.org/@babel%2fparser 183ms (cache miss)
538 silly packumentCache full:https://registry.npmjs.org/@babel%2fparser set size:undefined disposed:false
539 silly fetch manifest @babel/traverse@^7.29.7
540 silly packumentCache full:https://registry.npmjs.org/@babel%2ftraverse cache-miss
541 http fetch GET 200 https://registry.npmjs.org/@babel%2fhelpers 316ms (cache miss)
542 silly packumentCache full:https://registry.npmjs.org/@babel%2fhelpers set size:undefined disposed:false
543 silly fetch manifest @babel/generator@^7.29.7
544 silly packumentCache full:https://registry.npmjs.org/@babel%2fgenerator cache-miss
545 http fetch GET 200 https://registry.npmjs.org/@babel%2ftraverse 168ms (cache miss)
546 silly packumentCache full:https://registry.npmjs.org/@babel%2ftraverse set size:undefined disposed:false
547 silly fetch manifest @babel/code-frame@^7.29.7
548 silly packumentCache full:https://registry.npmjs.org/@babel%2fcode-frame cache-miss
549 http fetch GET 200 https://registry.npmjs.org/@babel%2ftemplate 321ms (cache miss)
550 silly packumentCache full:https://registry.npmjs.org/@babel%2ftemplate set size:undefined disposed:false
551 silly fetch manifest convert-source-map@^2.0.0
552 silly packumentCache full:https://registry.npmjs.org/convert-source-map cache-miss
553 http fetch GET 200 https://registry.npmjs.org/@babel%2fgenerator 198ms (cache miss)
554 silly packumentCache full:https://registry.npmjs.org/@babel%2fgenerator set size:undefined disposed:false
555 silly fetch manifest @babel/helper-module-transforms@^7.29.7
556 silly packumentCache full:https://registry.npmjs.org/@babel%2fhelper-module-transforms cache-miss
557 http fetch GET 200 https://registry.npmjs.org/@babel%2fcode-frame 173ms (cache miss)
558 silly packumentCache full:https://registry.npmjs.org/@babel%2fcode-frame set size:undefined disposed:false
559 silly fetch manifest @babel/helper-compilation-targets@^7.29.7
560 silly packumentCache full:https://registry.npmjs.org/@babel%2fhelper-compilation-targets cache-miss
561 http fetch GET 200 https://registry.npmjs.org/@babel%2fhelper-compilation-targets 76ms (cache miss)
562 silly packumentCache full:https://registry.npmjs.org/@babel%2fhelper-compilation-targets set size:undefined disposed:false
563 silly fetch manifest @babel/helper-plugin-utils@^7.29.7
564 silly packumentCache full:https://registry.npmjs.org/@babel%2fhelper-plugin-utils cache-miss
565 http fetch GET 200 https://registry.npmjs.org/convert-source-map 342ms (cache miss)
566 silly packumentCache full:https://registry.npmjs.org/convert-source-map set size:undefined disposed:false
567 silly fetch manifest @babel/helper-plugin-utils@^7.29.7
568 silly packumentCache full:https://registry.npmjs.org/@babel%2fhelper-plugin-utils cache-miss
569 http fetch GET 200 https://registry.npmjs.org/@babel%2fhelper-plugin-utils 141ms (cache miss)
570 silly packumentCache full:https://registry.npmjs.org/@babel%2fhelper-plugin-utils set size:undefined disposed:false
571 silly fetch manifest @babel/types@^7.20.7
572 silly packumentCache full:https://registry.npmjs.org/@babel%2ftypes cache-miss
573 http cache https://registry.npmjs.org/@babel%2ftypes 18ms (cache hit)
574 silly packumentCache full:https://registry.npmjs.org/@babel%2ftypes set size:507562 disposed:false
575 silly fetch manifest @babel/parser@^7.20.7
576 silly packumentCache full:https://registry.npmjs.org/@babel%2fparser cache-miss
577 http cache https://registry.npmjs.org/@babel%2fparser 56ms (cache hit)
578 silly packumentCache full:https://registry.npmjs.org/@babel%2fparser set size:745724 disposed:false
579 silly fetch manifest @types/babel__template@*
580 silly packumentCache full:https://registry.npmjs.org/@types%2fbabel__template cache-miss
581 http fetch GET 200 https://registry.npmjs.org/@babel%2fhelper-plugin-utils 378ms (cache miss)
582 silly packumentCache full:https://registry.npmjs.org/@babel%2fhelper-plugin-utils set size:undefined disposed:false
583 silly fetch manifest @types/babel__traverse@*
584 silly packumentCache full:https://registry.npmjs.org/@types%2fbabel__traverse cache-miss
585 http fetch GET 200 https://registry.npmjs.org/@babel%2fhelper-module-transforms 626ms (cache miss)
586 silly packumentCache full:https://registry.npmjs.org/@babel%2fhelper-module-transforms set size:undefined disposed:false
587 silly fetch manifest @types/babel__generator@*
588 silly packumentCache full:https://registry.npmjs.org/@types%2fbabel__generator cache-miss
589 http fetch GET 200 https://registry.npmjs.org/@types%2fbabel__template 55ms (cache miss)
590 silly packumentCache full:https://registry.npmjs.org/@types%2fbabel__template set size:undefined disposed:false
591 http fetch GET 200 https://registry.npmjs.org/@types%2fbabel__traverse 53ms (cache miss)
592 silly packumentCache full:https://registry.npmjs.org/@types%2fbabel__traverse set size:undefined disposed:false
593 http fetch GET 200 https://registry.npmjs.org/@types%2fbabel__generator 63ms (cache miss)
594 silly packumentCache full:https://registry.npmjs.org/@types%2fbabel__generator set size:undefined disposed:false
595 silly fetch manifest @babel/core@^7.0.0
596 silly packumentCache full:https://registry.npmjs.org/@babel%2fcore cache-miss
597 http cache https://registry.npmjs.org/@babel%2fcore 12ms (cache hit)
598 silly packumentCache full:https://registry.npmjs.org/@babel%2fcore set size:797193 disposed:false
599 silly placeDep ROOT @babel/code-frame@7.29.7 OK for: @babel/core@7.29.7 want: ^7.29.7
600 silly placeDep ROOT @babel/generator@7.29.8 OK for: @babel/core@7.29.7 want: ^7.29.7
601 silly placeDep ROOT @babel/helper-compilation-targets@7.29.7 OK for: @babel/core@7.29.7 want: ^7.29.7
602 silly placeDep ROOT @babel/helper-module-transforms@7.29.7 OK for: @babel/core@7.29.7 want: ^7.29.7
603 silly placeDep ROOT @babel/helpers@7.29.7 OK for: @babel/core@7.29.7 want: ^7.29.7
604 silly placeDep ROOT @babel/parser@7.29.9 OK for: @babel/core@7.29.7 want: ^7.29.7
605 silly placeDep ROOT @babel/template@7.29.7 OK for: @babel/core@7.29.7 want: ^7.29.7
606 silly placeDep ROOT @babel/traverse@7.29.8 OK for: @babel/core@7.29.7 want: ^7.29.7
607 silly placeDep ROOT @babel/types@7.29.8 OK for: @babel/core@7.29.7 want: ^7.29.7
608 silly placeDep ROOT convert-source-map@2.0.0 OK for: @babel/core@7.29.7 want: ^2.0.0
609 silly placeDep ROOT debug@4.4.3 OK for: @babel/core@7.29.7 want: ^4.1.0
610 silly placeDep ROOT gensync@1.0.0-beta.2 OK for: @babel/core@7.29.7 want: ^1.0.0-beta.2
611 silly placeDep ROOT json5@2.2.3 OK for: @babel/core@7.29.7 want: ^2.2.3
612 silly placeDep ROOT semver@6.3.1 OK for: @babel/core@7.29.7 want: ^6.3.1
613 silly fetch manifest js-tokens@^4.0.0
614 silly packumentCache full:https://registry.npmjs.org/js-tokens cache-miss
615 silly fetch manifest picocolors@^1.1.1
616 silly packumentCache full:https://registry.npmjs.org/picocolors cache-miss
617 silly fetch manifest @babel/helper-validator-identifier@^7.29.7
618 silly packumentCache full:https://registry.npmjs.org/@babel%2fhelper-validator-identifier cache-miss
619 http fetch GET 200 https://registry.npmjs.org/js-tokens 62ms (cache miss)
620 silly packumentCache full:https://registry.npmjs.org/js-tokens set size:undefined disposed:false
621 silly fetch manifest jsesc@^3.0.2
622 silly packumentCache full:https://registry.npmjs.org/jsesc cache-miss
623 http fetch GET 200 https://registry.npmjs.org/picocolors 65ms (cache miss)
624 silly packumentCache full:https://registry.npmjs.org/picocolors set size:undefined disposed:false
625 silly fetch manifest @babel/types@^7.29.8
626 silly packumentCache full:https://registry.npmjs.org/@babel%2ftypes cache-hit
627 silly fetch manifest @babel/parser@^7.29.8
628 silly packumentCache full:https://registry.npmjs.org/@babel%2fparser cache-hit
629 silly fetch manifest lru-cache@^5.1.1
630 silly packumentCache full:https://registry.npmjs.org/lru-cache cache-miss
631 http fetch GET 200 https://registry.npmjs.org/@babel%2fhelper-validator-identifier 74ms (cache miss)
632 silly packumentCache full:https://registry.npmjs.org/@babel%2fhelper-validator-identifier set size:undefined disposed:false
633 silly fetch manifest browserslist@^4.24.0
634 silly packumentCache full:https://registry.npmjs.org/browserslist cache-miss
635 http fetch GET 200 https://registry.npmjs.org/lru-cache 119ms (cache miss)
636 silly packumentCache full:https://registry.npmjs.org/lru-cache set size:undefined disposed:false
637 silly fetch manifest @babel/compat-data@^7.29.7
638 silly packumentCache full:https://registry.npmjs.org/@babel%2fcompat-data cache-miss
639 http fetch GET 200 https://registry.npmjs.org/browserslist 123ms (cache miss)
640 silly packumentCache full:https://registry.npmjs.org/browserslist set size:undefined disposed:false
641 silly fetch manifest @babel/helper-validator-option@^7.29.7
642 silly packumentCache full:https://registry.npmjs.org/@babel%2fhelper-validator-option cache-miss
643 http fetch GET 200 https://registry.npmjs.org/@babel%2fhelper-validator-option 44ms (cache miss)
644 silly packumentCache full:https://registry.npmjs.org/@babel%2fhelper-validator-option set size:undefined disposed:false
645 silly fetch manifest @babel/helper-module-imports@^7.29.7
646 silly packumentCache full:https://registry.npmjs.org/@babel%2fhelper-module-imports cache-miss
647 http fetch GET 200 https://registry.npmjs.org/@babel%2fcompat-data 92ms (cache miss)
648 silly packumentCache full:https://registry.npmjs.org/@babel%2fcompat-data set size:undefined disposed:false
649 silly fetch manifest debug@^4.3.1
650 silly packumentCache full:https://registry.npmjs.org/debug cache-miss
651 http fetch GET 200 https://registry.npmjs.org/jsesc 273ms (cache miss)
652 silly packumentCache full:https://registry.npmjs.org/jsesc set size:undefined disposed:false
653 silly fetch manifest @babel/helper-globals@^7.29.7
654 silly packumentCache full:https://registry.npmjs.org/@babel%2fhelper-globals cache-miss
655 http cache https://registry.npmjs.org/debug 43ms (cache hit)
656 silly packumentCache full:https://registry.npmjs.org/debug set size:195840 disposed:false
657 silly fetch manifest @babel/helper-string-parser@^7.29.7
658 silly packumentCache full:https://registry.npmjs.org/@babel%2fhelper-string-parser cache-miss
659 http fetch GET 200 https://registry.npmjs.org/@babel%2fhelper-module-imports 96ms (cache miss)
660 silly packumentCache full:https://registry.npmjs.org/@babel%2fhelper-module-imports set size:undefined disposed:false
661 silly fetch manifest ms@^2.1.3
662 silly packumentCache full:https://registry.npmjs.org/ms cache-miss
663 http fetch GET 200 https://registry.npmjs.org/@babel%2fhelper-string-parser 43ms (cache miss)
664 silly packumentCache full:https://registry.npmjs.org/@babel%2fhelper-string-parser set size:undefined disposed:false
665 http fetch GET 200 https://registry.npmjs.org/ms 41ms (cache miss)
666 silly packumentCache full:https://registry.npmjs.org/ms set size:undefined disposed:false
667 http fetch GET 200 https://registry.npmjs.org/@babel%2fhelper-globals 275ms (cache miss)
668 silly packumentCache full:https://registry.npmjs.org/@babel%2fhelper-globals set size:undefined disposed:false
669 silly placeDep ROOT @babel/helper-validator-identifier@7.29.7 OK for: @babel/code-frame@7.29.7 want: ^7.29.7
670 silly placeDep ROOT js-tokens@4.0.0 OK for: @babel/code-frame@7.29.7 want: ^4.0.0
671 silly placeDep ROOT picocolors@1.1.1 OK for: @babel/code-frame@7.29.7 want: ^1.1.1
672 silly placeDep ROOT jsesc@3.1.0 OK for: @babel/generator@7.29.8 want: ^3.0.2
673 silly placeDep ROOT @babel/compat-data@7.29.7 OK for: @babel/helper-compilation-targets@7.29.7 want: ^7.29.7
674 silly placeDep ROOT @babel/helper-validator-option@7.29.7 OK for: @babel/helper-compilation-targets@7.29.7 want: ^7.29.7
675 silly placeDep ROOT browserslist@4.29.0 OK for: @babel/helper-compilation-targets@7.29.7 want: ^4.24.0
676 silly placeDep ROOT lru-cache@5.1.1 OK for: @babel/helper-compilation-targets@7.29.7 want: ^5.1.1
677 silly fetch manifest caniuse-lite@^1.0.30001810
678 silly packumentCache full:https://registry.npmjs.org/caniuse-lite cache-miss
679 silly fetch manifest node-releases@^2.0.55
680 silly packumentCache full:https://registry.npmjs.org/node-releases cache-miss
681 silly fetch manifest electron-to-chromium@^1.5.427
682 silly packumentCache full:https://registry.npmjs.org/electron-to-chromium cache-miss
683 http fetch GET 200 https://registry.npmjs.org/node-releases 281ms (cache miss)
684 silly packumentCache full:https://registry.npmjs.org/node-releases set size:undefined disposed:false
685 silly fetch manifest update-browserslist-db@^1.3.3
686 silly packumentCache full:https://registry.npmjs.org/update-browserslist-db cache-miss
687 http fetch GET 200 https://registry.npmjs.org/update-browserslist-db 86ms (cache miss)
688 silly packumentCache full:https://registry.npmjs.org/update-browserslist-db set size:undefined disposed:false
689 silly fetch manifest baseline-browser-mapping@^2.11.23
690 silly packumentCache full:https://registry.npmjs.org/baseline-browser-mapping cache-miss
691 http fetch GET 200 https://registry.npmjs.org/baseline-browser-mapping 158ms (cache miss)
692 silly packumentCache full:https://registry.npmjs.org/baseline-browser-mapping set size:undefined disposed:false
693 silly fetch manifest yallist@^3.0.2
694 silly packumentCache full:https://registry.npmjs.org/yallist cache-miss
695 http fetch GET 200 https://registry.npmjs.org/yallist 105ms (cache miss)
696 silly packumentCache full:https://registry.npmjs.org/yallist set size:undefined disposed:false
697 http fetch GET 200 https://registry.npmjs.org/electron-to-chromium 770ms (cache miss)
698 silly packumentCache full:https://registry.npmjs.org/electron-to-chromium set size:undefined disposed:false
699 http fetch GET 200 https://registry.npmjs.org/caniuse-lite 826ms (cache miss)
700 silly packumentCache full:https://registry.npmjs.org/caniuse-lite set size:undefined disposed:false
701 silly placeDep ROOT @babel/helper-module-imports@7.29.7 OK for: @babel/helper-module-transforms@7.29.7 want: ^7.29.7
702 silly placeDep ROOT @babel/helper-plugin-utils@7.29.7 OK for: @babel/plugin-transform-react-jsx-self@7.29.7 want: ^7.29.7
703 silly placeDep ROOT @babel/helper-globals@7.29.7 OK for: @babel/traverse@7.29.8 want: ^7.29.7
704 silly placeDep ROOT @babel/helper-string-parser@7.29.7 OK for: @babel/types@7.29.8 want: ^7.29.7
705 silly placeDep ROOT @types/babel__generator@7.27.0 OK for: @types/babel__core@7.20.5 want: *
706 silly placeDep ROOT @types/babel__template@7.4.4 OK for: @types/babel__core@7.20.5 want: *
707 silly placeDep ROOT @types/babel__traverse@7.28.0 OK for: @types/babel__core@7.20.5 want: *
708 silly fetch manifest browserslist@>= 4.21.0
709 silly packumentCache full:https://registry.npmjs.org/browserslist cache-miss
710 http cache https://registry.npmjs.org/browserslist 5ms (cache hit)
711 silly packumentCache full:https://registry.npmjs.org/browserslist set size:523370 disposed:false
712 silly placeDep ROOT baseline-browser-mapping@2.11.25 OK for: browserslist@4.29.0 want: ^2.11.23
713 silly placeDep ROOT caniuse-lite@1.0.30001810 OK for: browserslist@4.29.0 want: ^1.0.30001810
714 silly placeDep ROOT electron-to-chromium@1.5.433 OK for: browserslist@4.29.0 want: ^1.5.427
715 silly placeDep ROOT node-releases@2.0.56 OK for: browserslist@4.29.0 want: ^2.0.55
716 silly placeDep ROOT update-browserslist-db@1.3.3 OK for: browserslist@4.29.0 want: ^1.3.3
717 silly fetch manifest escalade@^3.2.0
718 silly packumentCache full:https://registry.npmjs.org/escalade cache-miss
719 http fetch GET 200 https://registry.npmjs.org/escalade 26ms (cache miss)
720 silly packumentCache full:https://registry.npmjs.org/escalade set size:undefined disposed:false
721 silly placeDep ROOT ms@2.1.3 OK for: debug@4.4.3 want: ^2.1.3
722 silly placeDep ROOT graceful-fs@4.2.11 OK for: enhanced-resolve@5.25.1 want: ^4.2.4
723 silly placeDep ROOT tapable@2.3.3 OK for: enhanced-resolve@5.25.1 want: ^2.3.3
724 silly placeDep ROOT detect-libc@2.1.2 OK for: lightningcss@1.32.0 want: ^2.0.3
725 silly placeDep ROOT lightningcss-android-arm64@1.32.0 OK for: lightningcss@1.32.0 want: 1.32.0
726 silly placeDep ROOT lightningcss-darwin-arm64@1.32.0 OK for: lightningcss@1.32.0 want: 1.32.0
727 silly placeDep ROOT lightningcss-darwin-x64@1.32.0 OK for: lightningcss@1.32.0 want: 1.32.0
728 silly placeDep ROOT lightningcss-freebsd-x64@1.32.0 OK for: lightningcss@1.32.0 want: 1.32.0
729 silly placeDep ROOT lightningcss-linux-arm-gnueabihf@1.32.0 OK for: lightningcss@1.32.0 want: 1.32.0
730 silly placeDep ROOT lightningcss-linux-arm64-gnu@1.32.0 OK for: lightningcss@1.32.0 want: 1.32.0
731 silly placeDep ROOT lightningcss-linux-arm64-musl@1.32.0 OK for: lightningcss@1.32.0 want: 1.32.0
732 silly placeDep ROOT lightningcss-linux-x64-gnu@1.32.0 OK for: lightningcss@1.32.0 want: 1.32.0
733 silly placeDep ROOT lightningcss-linux-x64-musl@1.32.0 OK for: lightningcss@1.32.0 want: 1.32.0
734 silly placeDep ROOT lightningcss-win32-arm64-msvc@1.32.0 OK for: lightningcss@1.32.0 want: 1.32.0
735 silly placeDep ROOT lightningcss-win32-x64-msvc@1.32.0 OK for: lightningcss@1.32.0 want: 1.32.0
736 silly placeDep ROOT yallist@3.1.1 OK for: lru-cache@5.1.1 want: ^3.0.2
737 silly placeDep ROOT scheduler@0.28.0 OK for: react-dom@19.3.0 want: ^0.28.0
738 silly fetch manifest react@>=18
739 silly packumentCache full:https://registry.npmjs.org/react cache-miss
740 http cache https://registry.npmjs.org/react 22ms (cache hit)
741 silly packumentCache full:https://registry.npmjs.org/react set size:6997055 disposed:false
742 silly fetch manifest react-dom@>=18
743 silly packumentCache full:https://registry.npmjs.org/react-dom cache-miss
744 http cache https://registry.npmjs.org/react-dom 43ms (cache hit)
745 silly packumentCache full:https://registry.npmjs.org/react-dom set size:9424681 disposed:false
746 silly placeDep ROOT react-router@7.18.4 OK for: react-router-dom@7.18.4 want: 7.18.4
747 silly fetch manifest cookie@^1.0.1
748 silly packumentCache full:https://registry.npmjs.org/cookie cache-miss
749 silly fetch manifest set-cookie-parser@^2.6.0
750 silly packumentCache full:https://registry.npmjs.org/set-cookie-parser cache-miss
751 http fetch GET 200 https://registry.npmjs.org/set-cookie-parser 52ms (cache miss)
752 silly packumentCache full:https://registry.npmjs.org/set-cookie-parser set size:undefined disposed:false
753 http fetch GET 200 https://registry.npmjs.org/cookie 55ms (cache miss)
754 silly packumentCache full:https://registry.npmjs.org/cookie set size:undefined disposed:false
755 silly placeDep ROOT cookie@1.1.1 OK for: react-router@7.18.4 want: ^1.0.1
756 silly placeDep ROOT set-cookie-parser@2.7.2 OK for: react-router@7.18.4 want: ^2.6.0
757 silly fetch manifest react@^16.0.0 || ^17.0.0 || ^18.0.0 || ^19.0.0
758 silly packumentCache full:https://registry.npmjs.org/react cache-miss
759 http cache https://registry.npmjs.org/react 50ms (cache hit)
760 silly packumentCache full:https://registry.npmjs.org/react set size:6997055 disposed:false
761 silly fetch manifest react-dom@^16.0.0 || ^17.0.0 || ^18.0.0 || ^19.0.0
762 silly packumentCache full:https://registry.npmjs.org/react-dom cache-miss
763 http cache https://registry.npmjs.org/react-dom 42ms (cache hit)
764 silly packumentCache full:https://registry.npmjs.org/react-dom set size:9424681 disposed:false
765 silly placeDep ROOT eventemitter3@4.0.7 OK for: recharts@2.15.4 want: ^4.0.1
766 silly placeDep ROOT lodash@4.18.1 OK for: recharts@2.15.4 want: ^4.17.21
767 silly placeDep ROOT react-is@18.3.1 OK for: recharts@2.15.4 want: ^18.3.1
768 silly placeDep ROOT react-smooth@4.0.4 OK for: recharts@2.15.4 want: ^4.0.4
769 silly placeDep ROOT recharts-scale@0.4.5 OK for: recharts@2.15.4 want: ^0.4.4
770 silly placeDep ROOT tiny-invariant@1.3.3 OK for: recharts@2.15.4 want: ^1.3.1
771 silly placeDep ROOT victory-vendor@36.9.2 OK for: recharts@2.15.4 want: ^36.6.8
772 silly fetch manifest fast-equals@^5.0.1
773 silly packumentCache full:https://registry.npmjs.org/fast-equals cache-miss
774 silly fetch manifest prop-types@^15.8.1
775 silly packumentCache full:https://registry.npmjs.org/prop-types cache-miss
776 silly fetch manifest react-transition-group@^4.4.5
777 silly packumentCache full:https://registry.npmjs.org/react-transition-group cache-miss
778 http fetch GET 200 https://registry.npmjs.org/react-transition-group 52ms (cache miss)
779 silly packumentCache full:https://registry.npmjs.org/react-transition-group set size:undefined disposed:false
780 silly fetch manifest decimal.js-light@^2.4.1
781 silly packumentCache full:https://registry.npmjs.org/decimal.js-light cache-miss
782 http fetch GET 200 https://registry.npmjs.org/prop-types 55ms (cache miss)
783 silly packumentCache full:https://registry.npmjs.org/prop-types set size:undefined disposed:false
784 silly fetch manifest d3-ease@^3.0.1
785 silly packumentCache full:https://registry.npmjs.org/d3-ease cache-miss
786 http fetch GET 200 https://registry.npmjs.org/fast-equals 255ms (cache miss)
787 silly packumentCache full:https://registry.npmjs.org/fast-equals set size:undefined disposed:false
788 silly fetch manifest d3-time@^3.0.0
789 silly packumentCache full:https://registry.npmjs.org/d3-time cache-miss
790 http fetch GET 200 https://registry.npmjs.org/decimal.js-light 227ms (cache miss)
791 silly packumentCache full:https://registry.npmjs.org/decimal.js-light set size:undefined disposed:false
792 silly fetch manifest d3-array@^3.1.6
793 silly packumentCache full:https://registry.npmjs.org/d3-array cache-miss
794 http fetch GET 200 https://registry.npmjs.org/d3-ease 228ms (cache miss)
795 silly packumentCache full:https://registry.npmjs.org/d3-ease set size:undefined disposed:false
796 silly fetch manifest d3-scale@^4.0.2
797 silly packumentCache full:https://registry.npmjs.org/d3-scale cache-miss
798 http fetch GET 200 https://registry.npmjs.org/d3-array 66ms (cache miss)
799 silly packumentCache full:https://registry.npmjs.org/d3-array set size:undefined disposed:false
800 silly fetch manifest d3-shape@^3.1.0
801 silly packumentCache full:https://registry.npmjs.org/d3-shape cache-miss
802 http fetch GET 200 https://registry.npmjs.org/d3-shape 62ms (cache miss)
803 silly packumentCache full:https://registry.npmjs.org/d3-shape set size:undefined disposed:false
804 silly fetch manifest d3-timer@^3.0.1
805 silly packumentCache full:https://registry.npmjs.org/d3-timer cache-miss
806 http fetch GET 200 https://registry.npmjs.org/d3-time 237ms (cache miss)
807 silly packumentCache full:https://registry.npmjs.org/d3-time set size:undefined disposed:false
808 silly fetch manifest @types/d3-ease@^3.0.0
809 silly packumentCache full:https://registry.npmjs.org/@types%2fd3-ease cache-miss
810 http fetch GET 200 https://registry.npmjs.org/d3-scale 291ms (cache miss)
811 silly packumentCache full:https://registry.npmjs.org/d3-scale set size:undefined disposed:false
812 silly fetch manifest @types/d3-time@^3.0.0
813 silly packumentCache full:https://registry.npmjs.org/@types%2fd3-time cache-miss
814 http fetch GET 200 https://registry.npmjs.org/d3-timer 233ms (cache miss)
815 silly packumentCache full:https://registry.npmjs.org/d3-timer set size:undefined disposed:false
816 silly fetch manifest d3-interpolate@^3.0.1
817 silly packumentCache full:https://registry.npmjs.org/d3-interpolate cache-miss
818 http fetch GET 200 https://registry.npmjs.org/d3-interpolate 45ms (cache miss)
819 silly packumentCache full:https://registry.npmjs.org/d3-interpolate set size:undefined disposed:false
820 silly fetch manifest @types/d3-array@^3.0.3
821 silly packumentCache full:https://registry.npmjs.org/@types%2fd3-array cache-miss
822 http fetch GET 200 https://registry.npmjs.org/@types%2fd3-ease 424ms (cache miss)
823 silly packumentCache full:https://registry.npmjs.org/@types%2fd3-ease set size:undefined disposed:false
824 silly fetch manifest @types/d3-scale@^4.0.2
825 silly packumentCache full:https://registry.npmjs.org/@types%2fd3-scale cache-miss
826 http fetch GET 200 https://registry.npmjs.org/@types%2fd3-scale 66ms (cache miss)
827 silly packumentCache full:https://registry.npmjs.org/@types%2fd3-scale set size:undefined disposed:false
828 silly fetch manifest @types/d3-shape@^3.1.0
829 silly packumentCache full:https://registry.npmjs.org/@types%2fd3-shape cache-miss
830 http fetch GET 200 https://registry.npmjs.org/@types%2fd3-time 410ms (cache miss)
831 silly packumentCache full:https://registry.npmjs.org/@types%2fd3-time set size:undefined disposed:false
832 silly fetch manifest @types/d3-timer@^3.0.0
833 silly packumentCache full:https://registry.npmjs.org/@types%2fd3-timer cache-miss
834 http fetch GET 200 https://registry.npmjs.org/@types%2fd3-shape 51ms (cache miss)
835 silly packumentCache full:https://registry.npmjs.org/@types%2fd3-shape set size:undefined disposed:false
836 silly fetch manifest @types/d3-interpolate@^3.0.1
837 silly packumentCache full:https://registry.npmjs.org/@types%2fd3-interpolate cache-miss
838 http fetch GET 200 https://registry.npmjs.org/@types%2fd3-array 438ms (cache miss)
839 silly packumentCache full:https://registry.npmjs.org/@types%2fd3-array set size:undefined disposed:false
840 http fetch GET 200 https://registry.npmjs.org/@types%2fd3-timer 415ms (cache miss)
841 silly packumentCache full:https://registry.npmjs.org/@types%2fd3-timer set size:undefined disposed:false
842 http fetch GET 200 https://registry.npmjs.org/@types%2fd3-interpolate 443ms (cache miss)
843 silly packumentCache full:https://registry.npmjs.org/@types%2fd3-interpolate set size:undefined disposed:false
844 silly fetch manifest react@^16.8.0 || ^17.0.0 || ^18.0.0 || ^19.0.0
845 silly packumentCache full:https://registry.npmjs.org/react cache-miss
846 http cache https://registry.npmjs.org/react 17ms (cache hit)
847 silly packumentCache full:https://registry.npmjs.org/react set size:6997055 disposed:false
848 silly fetch manifest react-dom@^16.8.0 || ^17.0.0 || ^18.0.0 || ^19.0.0
849 silly packumentCache full:https://registry.npmjs.org/react-dom cache-miss
850 http cache https://registry.npmjs.org/react-dom 51ms (cache hit)
851 silly packumentCache full:https://registry.npmjs.org/react-dom set size:9424681 disposed:false
852 silly placeDep ROOT fast-equals@5.4.2 OK for: react-smooth@4.0.4 want: ^5.0.1
853 silly placeDep ROOT prop-types@15.8.1 OK for: react-smooth@4.0.4 want: ^15.8.1
854 silly placeDep ROOT react-transition-group@4.4.5 OK for: react-smooth@4.0.4 want: ^4.4.5
855 silly fetch manifest loose-envify@^1.4.0
856 silly packumentCache full:https://registry.npmjs.org/loose-envify cache-miss
857 silly fetch manifest object-assign@^4.1.1
858 silly packumentCache full:https://registry.npmjs.org/object-assign cache-miss
859 silly fetch manifest react-is@^16.13.1
860 silly packumentCache full:https://registry.npmjs.org/react-is cache-miss
861 http cache https://registry.npmjs.org/react-is 50ms (cache hit)
862 silly packumentCache full:https://registry.npmjs.org/react-is set size:5663357 disposed:false
863 silly fetch manifest @babel/runtime@^7.5.5
864 silly packumentCache full:https://registry.npmjs.org/@babel%2fruntime cache-miss
865 http fetch GET 200 https://registry.npmjs.org/loose-envify 119ms (cache miss)
866 silly packumentCache full:https://registry.npmjs.org/loose-envify set size:undefined disposed:false
867 silly fetch manifest dom-helpers@^5.0.1
868 silly packumentCache full:https://registry.npmjs.org/dom-helpers cache-miss
869 http fetch GET 200 https://registry.npmjs.org/object-assign 120ms (cache miss)
870 silly packumentCache full:https://registry.npmjs.org/object-assign set size:undefined disposed:false
871 http fetch GET 200 https://registry.npmjs.org/dom-helpers 164ms (cache miss)
872 silly packumentCache full:https://registry.npmjs.org/dom-helpers set size:undefined disposed:false
873 http fetch GET 200 https://registry.npmjs.org/@babel%2fruntime 419ms (cache miss)
874 silly packumentCache full:https://registry.npmjs.org/@babel%2fruntime set size:undefined disposed:false
875 silly placeDep ROOT loose-envify@1.4.0 OK for: prop-types@15.8.1 want: ^1.4.0
876 silly placeDep ROOT object-assign@4.1.1 OK for: prop-types@15.8.1 want: ^4.1.1
877 silly placeDep node_modules/prop-types react-is@16.13.1 OK for: prop-types@15.8.1 want: ^16.13.1
878 silly placeDep ROOT @babel/runtime@7.29.7 OK for: react-transition-group@4.4.5 want: ^7.5.5
879 silly placeDep ROOT dom-helpers@5.2.1 OK for: react-transition-group@4.4.5 want: ^5.0.1
880 silly placeDep ROOT decimal.js-light@2.5.1 OK for: recharts-scale@0.4.5 want: ^2.4.1
881 silly placeDep ROOT escalade@3.2.0 OK for: update-browserslist-db@1.3.3 want: ^3.2.0
882 silly placeDep ROOT @types/d3-array@3.2.2 OK for: victory-vendor@36.9.2 want: ^3.0.3
883 silly placeDep ROOT @types/d3-ease@3.0.2 OK for: victory-vendor@36.9.2 want: ^3.0.0
884 silly placeDep ROOT @types/d3-interpolate@3.0.4 OK for: victory-vendor@36.9.2 want: ^3.0.1
885 silly placeDep ROOT @types/d3-scale@4.0.9 OK for: victory-vendor@36.9.2 want: ^4.0.2
886 silly placeDep ROOT @types/d3-shape@3.2.0 OK for: victory-vendor@36.9.2 want: ^3.1.0
887 silly placeDep ROOT @types/d3-time@3.0.4 OK for: victory-vendor@36.9.2 want: ^3.0.0
888 silly placeDep ROOT @types/d3-timer@3.0.2 OK for: victory-vendor@36.9.2 want: ^3.0.0
889 silly placeDep ROOT d3-array@3.2.4 OK for: victory-vendor@36.9.2 want: ^3.1.6
890 silly placeDep ROOT d3-ease@3.0.1 OK for: victory-vendor@36.9.2 want: ^3.0.1
891 silly placeDep ROOT d3-interpolate@3.0.1 OK for: victory-vendor@36.9.2 want: ^3.0.1
892 silly placeDep ROOT d3-scale@4.0.2 OK for: victory-vendor@36.9.2 want: ^4.0.2
893 silly placeDep ROOT d3-shape@3.2.0 OK for: victory-vendor@36.9.2 want: ^3.1.0
894 silly placeDep ROOT d3-time@3.1.0 OK for: victory-vendor@36.9.2 want: ^3.0.0
895 silly placeDep ROOT d3-timer@3.0.1 OK for: victory-vendor@36.9.2 want: ^3.0.1
896 silly fetch manifest @types/d3-color@*
897 silly packumentCache full:https://registry.npmjs.org/@types%2fd3-color cache-miss
898 silly fetch manifest @types/d3-time@*
899 silly packumentCache full:https://registry.npmjs.org/@types%2fd3-time cache-miss
900 silly fetch manifest @types/d3-path@*
901 silly packumentCache full:https://registry.npmjs.org/@types%2fd3-path cache-miss
902 http cache https://registry.npmjs.org/@types%2fd3-time 28ms (cache hit)
903 silly packumentCache full:https://registry.npmjs.org/@types%2fd3-time set size:52652 disposed:false
904 silly fetch manifest internmap@1 - 2
905 silly packumentCache full:https://registry.npmjs.org/internmap cache-miss
906 http fetch GET 200 https://registry.npmjs.org/internmap 37ms (cache miss)
907 silly packumentCache full:https://registry.npmjs.org/internmap set size:undefined disposed:false
908 silly fetch manifest d3-color@1 - 3
909 silly packumentCache full:https://registry.npmjs.org/d3-color cache-miss
910 http fetch GET 200 https://registry.npmjs.org/d3-color 55ms (cache miss)
911 silly packumentCache full:https://registry.npmjs.org/d3-color set size:undefined disposed:false
912 silly fetch manifest d3-format@1 - 3
913 silly packumentCache full:https://registry.npmjs.org/d3-format cache-miss
914 http fetch GET 200 https://registry.npmjs.org/@types%2fd3-path 245ms (cache miss)
915 silly packumentCache full:https://registry.npmjs.org/@types%2fd3-path set size:undefined disposed:false
916 silly fetch manifest d3-time@2.1.1 - 3
917 silly packumentCache full:https://registry.npmjs.org/d3-time cache-miss
918 http cache https://registry.npmjs.org/d3-time 15ms (cache hit)
919 silly packumentCache full:https://registry.npmjs.org/d3-time set size:150406 disposed:false
920 silly fetch manifest d3-time-format@2 - 4
921 silly packumentCache full:https://registry.npmjs.org/d3-time-format cache-miss
922 http fetch GET 200 https://registry.npmjs.org/@types%2fd3-color 279ms (cache miss)
923 silly packumentCache full:https://registry.npmjs.org/@types%2fd3-color set size:undefined disposed:false
924 silly fetch manifest d3-path@^3.1.0
925 silly packumentCache full:https://registry.npmjs.org/d3-path cache-miss
926 http fetch GET 200 https://registry.npmjs.org/d3-format 249ms (cache miss)
927 silly packumentCache full:https://registry.npmjs.org/d3-format set size:undefined disposed:false
928 http fetch GET 200 https://registry.npmjs.org/d3-time-format 231ms (cache miss)
929 silly packumentCache full:https://registry.npmjs.org/d3-time-format set size:undefined disposed:false
930 http fetch GET 200 https://registry.npmjs.org/d3-path 229ms (cache miss)
931 silly packumentCache full:https://registry.npmjs.org/d3-path set size:undefined disposed:false
932 silly placeDep ROOT @types/d3-color@3.1.3 OK for: @types/d3-interpolate@3.0.4 want: *
933 silly placeDep ROOT @types/d3-path@3.1.1 OK for: @types/d3-shape@3.2.0 want: *
934 silly placeDep ROOT internmap@2.0.3 OK for: d3-array@3.2.4 want: 1 - 2
935 silly placeDep ROOT d3-color@3.1.0 OK for: d3-interpolate@3.0.1 want: 1 - 3
936 silly placeDep ROOT d3-format@3.1.2 OK for: d3-scale@4.0.2 want: 1 - 3
937 silly placeDep ROOT d3-time-format@4.1.0 OK for: d3-scale@4.0.2 want: 2 - 4
938 silly placeDep ROOT d3-path@3.1.0 OK for: d3-shape@3.2.0 want: ^3.1.0
939 silly placeDep ROOT esbuild@0.25.12 OK for: vite@6.4.3 want: ^0.25.0
940 silly placeDep ROOT fdir@6.5.0 OK for: vite@6.4.3 want: ^6.4.4
941 silly placeDep ROOT fsevents@2.3.3 OK for: vite@6.4.3 want: ~2.3.3
942 silly placeDep ROOT picomatch@4.0.7 OK for: vite@6.4.3 want: ^4.0.2
943 silly placeDep ROOT postcss@8.5.28 OK for: vite@6.4.3 want: ^8.5.3
944 silly placeDep ROOT rollup@4.63.4 OK for: vite@6.4.3 want: ^4.34.9
945 silly placeDep ROOT tinyglobby@0.2.17 OK for: vite@6.4.3 want: ^0.2.13
946 silly fetch manifest @esbuild/aix-ppc64@0.25.12
947 silly packumentCache full:https://registry.npmjs.org/@esbuild%2faix-ppc64 cache-miss
948 silly fetch manifest @esbuild/linux-arm@0.25.12
949 silly packumentCache full:https://registry.npmjs.org/@esbuild%2flinux-arm cache-miss
950 silly fetch manifest @esbuild/linux-x64@0.25.12
951 silly packumentCache full:https://registry.npmjs.org/@esbuild%2flinux-x64 cache-miss
952 http fetch GET 200 https://registry.npmjs.org/@esbuild%2faix-ppc64 132ms (cache miss)
953 silly packumentCache full:https://registry.npmjs.org/@esbuild%2faix-ppc64 set size:undefined disposed:false
954 silly fetch manifest @esbuild/sunos-x64@0.25.12
955 silly packumentCache full:https://registry.npmjs.org/@esbuild%2fsunos-x64 cache-miss
956 http fetch GET 200 https://registry.npmjs.org/@esbuild%2flinux-arm 220ms (cache miss)
957 silly packumentCache full:https://registry.npmjs.org/@esbuild%2flinux-arm set size:undefined disposed:false
958 silly fetch manifest @esbuild/win32-x64@0.25.12
959 silly packumentCache full:https://registry.npmjs.org/@esbuild%2fwin32-x64 cache-miss
960 http fetch GET 200 https://registry.npmjs.org/@esbuild%2flinux-x64 230ms (cache miss)
961 silly packumentCache full:https://registry.npmjs.org/@esbuild%2flinux-x64 set size:undefined disposed:false
962 silly fetch manifest @esbuild/darwin-x64@0.25.12
963 silly packumentCache full:https://registry.npmjs.org/@esbuild%2fdarwin-x64 cache-miss
964 http fetch GET 200 https://registry.npmjs.org/@esbuild%2fsunos-x64 111ms (cache miss)
965 silly packumentCache full:https://registry.npmjs.org/@esbuild%2fsunos-x64 set size:undefined disposed:false
966 silly fetch manifest @esbuild/linux-ia32@0.25.12
967 silly packumentCache full:https://registry.npmjs.org/@esbuild%2flinux-ia32 cache-miss
968 http fetch GET 200 https://registry.npmjs.org/@esbuild%2fwin32-x64 324ms (cache miss)
969 silly packumentCache full:https://registry.npmjs.org/@esbuild%2fwin32-x64 set size:undefined disposed:false
970 silly fetch manifest @esbuild/netbsd-x64@0.25.12
971 silly packumentCache full:https://registry.npmjs.org/@esbuild%2fnetbsd-x64 cache-miss
972 http fetch GET 200 https://registry.npmjs.org/@esbuild%2fdarwin-x64 299ms (cache miss)
973 silly packumentCache full:https://registry.npmjs.org/@esbuild%2fdarwin-x64 set size:undefined disposed:false
974 silly fetch manifest @esbuild/win32-ia32@0.25.12
975 silly packumentCache full:https://registry.npmjs.org/@esbuild%2fwin32-ia32 cache-miss
976 http fetch GET 200 https://registry.npmjs.org/@esbuild%2flinux-ia32 281ms (cache miss)
977 silly packumentCache full:https://registry.npmjs.org/@esbuild%2flinux-ia32 set size:undefined disposed:false
978 silly fetch manifest @esbuild/android-arm@0.25.12
979 silly packumentCache full:https://registry.npmjs.org/@esbuild%2fandroid-arm cache-miss
980 http fetch GET 200 https://registry.npmjs.org/@esbuild%2fnetbsd-x64 89ms (cache miss)
981 silly packumentCache full:https://registry.npmjs.org/@esbuild%2fnetbsd-x64 set size:undefined disposed:false
982 silly fetch manifest @esbuild/android-x64@0.25.12
983 silly packumentCache full:https://registry.npmjs.org/@esbuild%2fandroid-x64 cache-miss
984 http fetch GET 200 https://registry.npmjs.org/@esbuild%2fandroid-arm 93ms (cache miss)
985 silly packumentCache full:https://registry.npmjs.org/@esbuild%2fandroid-arm set size:undefined disposed:false
986 silly fetch manifest @esbuild/freebsd-x64@0.25.12
987 silly packumentCache full:https://registry.npmjs.org/@esbuild%2ffreebsd-x64 cache-miss
988 http fetch GET 200 https://registry.npmjs.org/@esbuild%2fwin32-ia32 105ms (cache miss)
989 silly packumentCache full:https://registry.npmjs.org/@esbuild%2fwin32-ia32 set size:undefined disposed:false
990 silly fetch manifest @esbuild/linux-arm64@0.25.12
991 silly packumentCache full:https://registry.npmjs.org/@esbuild%2flinux-arm64 cache-miss
992 http fetch GET 200 https://registry.npmjs.org/@esbuild%2fandroid-x64 119ms (cache miss)
993 silly packumentCache full:https://registry.npmjs.org/@esbuild%2fandroid-x64 set size:undefined disposed:false
994 silly fetch manifest @esbuild/linux-ppc64@0.25.12
995 silly packumentCache full:https://registry.npmjs.org/@esbuild%2flinux-ppc64 cache-miss
996 http fetch GET 200 https://registry.npmjs.org/@esbuild%2ffreebsd-x64 120ms (cache miss)
997 silly packumentCache full:https://registry.npmjs.org/@esbuild%2ffreebsd-x64 set size:undefined disposed:false
998 silly fetch manifest @esbuild/linux-s390x@0.25.12
999 silly packumentCache full:https://registry.npmjs.org/@esbuild%2flinux-s390x cache-miss
1000 http fetch GET 200 https://registry.npmjs.org/@esbuild%2flinux-arm64 199ms (cache miss)
1001 silly packumentCache full:https://registry.npmjs.org/@esbuild%2flinux-arm64 set size:undefined disposed:false
1002 silly fetch manifest @esbuild/openbsd-x64@0.25.12
1003 silly packumentCache full:https://registry.npmjs.org/@esbuild%2fopenbsd-x64 cache-miss
1004 http fetch GET 200 https://registry.npmjs.org/@esbuild%2flinux-ppc64 110ms (cache miss)
1005 silly packumentCache full:https://registry.npmjs.org/@esbuild%2flinux-ppc64 set size:undefined disposed:false
1006 silly fetch manifest @esbuild/win32-arm64@0.25.12
1007 silly packumentCache full:https://registry.npmjs.org/@esbuild%2fwin32-arm64 cache-miss
1008 http fetch GET 200 https://registry.npmjs.org/@esbuild%2flinux-s390x 94ms (cache miss)
1009 silly packumentCache full:https://registry.npmjs.org/@esbuild%2flinux-s390x set size:undefined disposed:false
1010 silly fetch manifest @esbuild/darwin-arm64@0.25.12
1011 silly packumentCache full:https://registry.npmjs.org/@esbuild%2fdarwin-arm64 cache-miss
1012 http fetch GET 200 https://registry.npmjs.org/@esbuild%2fopenbsd-x64 84ms (cache miss)
1013 silly packumentCache full:https://registry.npmjs.org/@esbuild%2fopenbsd-x64 set size:undefined disposed:false
1014 silly fetch manifest @esbuild/netbsd-arm64@0.25.12
1015 silly packumentCache full:https://registry.npmjs.org/@esbuild%2fnetbsd-arm64 cache-miss
1016 http fetch GET 200 https://registry.npmjs.org/@esbuild%2fdarwin-arm64 80ms (cache miss)
1017 silly packumentCache full:https://registry.npmjs.org/@esbuild%2fdarwin-arm64 set size:undefined disposed:false
1018 silly fetch manifest @esbuild/android-arm64@0.25.12
1019 silly packumentCache full:https://registry.npmjs.org/@esbuild%2fandroid-arm64 cache-miss
1020 http fetch GET 200 https://registry.npmjs.org/@esbuild%2fwin32-arm64 104ms (cache miss)
1021 silly packumentCache full:https://registry.npmjs.org/@esbuild%2fwin32-arm64 set size:undefined disposed:false
1022 silly fetch manifest @esbuild/freebsd-arm64@0.25.12
1023 silly packumentCache full:https://registry.npmjs.org/@esbuild%2ffreebsd-arm64 cache-miss
1024 http fetch GET 200 https://registry.npmjs.org/@esbuild%2fnetbsd-arm64 60ms (cache miss)
1025 silly packumentCache full:https://registry.npmjs.org/@esbuild%2fnetbsd-arm64 set size:undefined disposed:false
1026 silly fetch manifest @esbuild/linux-loong64@0.25.12
1027 silly packumentCache full:https://registry.npmjs.org/@esbuild%2flinux-loong64 cache-miss
1028 http fetch GET 200 https://registry.npmjs.org/@esbuild%2fandroid-arm64 82ms (cache miss)
1029 silly packumentCache full:https://registry.npmjs.org/@esbuild%2fandroid-arm64 set size:undefined disposed:false
1030 silly fetch manifest @esbuild/linux-riscv64@0.25.12
1031 silly packumentCache full:https://registry.npmjs.org/@esbuild%2flinux-riscv64 cache-miss
1032 http fetch GET 200 https://registry.npmjs.org/@esbuild%2ffreebsd-arm64 100ms (cache miss)
1033 silly packumentCache full:https://registry.npmjs.org/@esbuild%2ffreebsd-arm64 set size:undefined disposed:false
1034 silly fetch manifest @esbuild/openbsd-arm64@0.25.12
1035 silly packumentCache full:https://registry.npmjs.org/@esbuild%2fopenbsd-arm64 cache-miss
1036 http fetch GET 200 https://registry.npmjs.org/@esbuild%2flinux-loong64 100ms (cache miss)
1037 silly packumentCache full:https://registry.npmjs.org/@esbuild%2flinux-loong64 set size:undefined disposed:false
1038 silly fetch manifest @esbuild/linux-mips64el@0.25.12
1039 silly packumentCache full:https://registry.npmjs.org/@esbuild%2flinux-mips64el cache-miss
1040 http fetch GET 200 https://registry.npmjs.org/@esbuild%2flinux-riscv64 79ms (cache miss)
1041 silly packumentCache full:https://registry.npmjs.org/@esbuild%2flinux-riscv64 set size:undefined disposed:false
1042 silly fetch manifest @esbuild/openharmony-arm64@0.25.12
1043 silly packumentCache full:https://registry.npmjs.org/@esbuild%2fopenharmony-arm64 cache-miss
1044 http fetch GET 200 https://registry.npmjs.org/@esbuild%2fopenbsd-arm64 57ms (cache miss)
1045 silly packumentCache full:https://registry.npmjs.org/@esbuild%2fopenbsd-arm64 set size:undefined disposed:false
1046 silly fetch manifest nanoid@^3.3.18
1047 silly packumentCache full:https://registry.npmjs.org/nanoid cache-miss
1048 http fetch GET 200 https://registry.npmjs.org/@esbuild%2flinux-mips64el 66ms (cache miss)
1049 silly packumentCache full:https://registry.npmjs.org/@esbuild%2flinux-mips64el set size:undefined disposed:false
1050 silly fetch manifest @types/estree@1.0.9
1051 silly packumentCache full:https://registry.npmjs.org/@types%2festree cache-miss
1052 http fetch GET 200 https://registry.npmjs.org/@esbuild%2fopenharmony-arm64 43ms (cache miss)
1053 silly packumentCache full:https://registry.npmjs.org/@esbuild%2fopenharmony-arm64 set size:undefined disposed:false
1054 silly fetch manifest @rollup/rollup-darwin-x64@4.63.4
1055 silly packumentCache full:https://registry.npmjs.org/@rollup%2frollup-darwin-x64 cache-miss
1056 http fetch GET 200 https://registry.npmjs.org/@types%2festree 45ms (cache miss)
1057 silly packumentCache full:https://registry.npmjs.org/@types%2festree set size:undefined disposed:false
1058 silly fetch manifest @rollup/rollup-freebsd-x64@4.63.4
1059 silly packumentCache full:https://registry.npmjs.org/@rollup%2frollup-freebsd-x64 cache-miss
1060 http fetch GET 200 https://registry.npmjs.org/nanoid 107ms (cache miss)
1061 silly packumentCache full:https://registry.npmjs.org/nanoid set size:undefined disposed:false
1062 silly fetch manifest @rollup/rollup-openbsd-x64@4.63.4
1063 silly packumentCache full:https://registry.npmjs.org/@rollup%2frollup-openbsd-x64 cache-miss
1064 http fetch GET 200 https://registry.npmjs.org/@rollup%2frollup-darwin-x64 81ms (cache miss)
1065 silly packumentCache full:https://registry.npmjs.org/@rollup%2frollup-darwin-x64 set size:undefined disposed:false
1066 silly fetch manifest @napi-rs/lzma-linux-x64-gnu@1.5.1
1067 silly packumentCache full:https://registry.npmjs.org/@napi-rs%2flzma-linux-x64-gnu cache-miss
1068 http fetch GET 200 https://registry.npmjs.org/@rollup%2frollup-freebsd-x64 52ms (cache miss)
1069 silly packumentCache full:https://registry.npmjs.org/@rollup%2frollup-freebsd-x64 set size:undefined disposed:false
1070 silly fetch manifest @rollup/rollup-darwin-arm64@4.63.4
1071 silly packumentCache full:https://registry.npmjs.org/@rollup%2frollup-darwin-arm64 cache-miss
1072 http fetch GET 200 https://registry.npmjs.org/@rollup%2frollup-openbsd-x64 45ms (cache miss)
1073 silly packumentCache full:https://registry.npmjs.org/@rollup%2frollup-openbsd-x64 set size:undefined disposed:false
1074 silly fetch manifest @rollup/rollup-android-arm64@4.63.4
1075 silly packumentCache full:https://registry.npmjs.org/@rollup%2frollup-android-arm64 cache-miss
1076 http fetch GET 200 https://registry.npmjs.org/@napi-rs%2flzma-linux-x64-gnu 38ms (cache miss)
1077 silly packumentCache full:https://registry.npmjs.org/@napi-rs%2flzma-linux-x64-gnu set size:undefined disposed:false
1078 silly fetch manifest @rollup/rollup-freebsd-arm64@4.63.4
1079 silly packumentCache full:https://registry.npmjs.org/@rollup%2frollup-freebsd-arm64 cache-miss
1080 http fetch GET 200 https://registry.npmjs.org/@rollup%2frollup-darwin-arm64 73ms (cache miss)
1081 silly packumentCache full:https://registry.npmjs.org/@rollup%2frollup-darwin-arm64 set size:undefined disposed:false
1082 silly fetch manifest @rollup/rollup-linux-x64-gnu@4.63.4
1083 silly packumentCache full:https://registry.npmjs.org/@rollup%2frollup-linux-x64-gnu cache-miss
1084 http fetch GET 200 https://registry.npmjs.org/@rollup%2frollup-freebsd-arm64 55ms (cache miss)
1085 silly packumentCache full:https://registry.npmjs.org/@rollup%2frollup-freebsd-arm64 set size:undefined disposed:false
1086 silly fetch manifest @rollup/rollup-win32-x64-gnu@4.63.4
1087 silly packumentCache full:https://registry.npmjs.org/@rollup%2frollup-win32-x64-gnu cache-miss
1088 http fetch GET 200 https://registry.npmjs.org/@rollup%2frollup-android-arm64 76ms (cache miss)
1089 silly packumentCache full:https://registry.npmjs.org/@rollup%2frollup-android-arm64 set size:undefined disposed:false
1090 silly fetch manifest @rollup/rollup-linux-x64-musl@4.63.4
1091 silly packumentCache full:https://registry.npmjs.org/@rollup%2frollup-linux-x64-musl cache-miss
1092 http fetch GET 200 https://registry.npmjs.org/@rollup%2frollup-linux-x64-gnu 70ms (cache miss)
1093 silly packumentCache full:https://registry.npmjs.org/@rollup%2frollup-linux-x64-gnu set size:undefined disposed:false
1094 silly fetch manifest @rollup/rollup-win32-x64-msvc@4.63.4
1095 silly packumentCache full:https://registry.npmjs.org/@rollup%2frollup-win32-x64-msvc cache-miss
1096 http fetch GET 200 https://registry.npmjs.org/@rollup%2frollup-win32-x64-gnu 75ms (cache miss)
1097 silly packumentCache full:https://registry.npmjs.org/@rollup%2frollup-win32-x64-gnu set size:undefined disposed:false
1098 silly fetch manifest @rollup/rollup-linux-arm64-gnu@4.63.4
1099 silly packumentCache full:https://registry.npmjs.org/@rollup%2frollup-linux-arm64-gnu cache-miss
1100 http fetch GET 200 https://registry.npmjs.org/@rollup%2frollup-linux-x64-musl 70ms (cache miss)
1101 silly packumentCache full:https://registry.npmjs.org/@rollup%2frollup-linux-x64-musl set size:undefined disposed:false
1102 silly fetch manifest @rollup/rollup-linux-ppc64-gnu@4.63.4
1103 silly packumentCache full:https://registry.npmjs.org/@rollup%2frollup-linux-ppc64-gnu cache-miss
1104 http fetch GET 200 https://registry.npmjs.org/@rollup%2frollup-win32-x64-msvc 64ms (cache miss)
1105 silly packumentCache full:https://registry.npmjs.org/@rollup%2frollup-win32-x64-msvc set size:undefined disposed:false
1106 silly fetch manifest @rollup/rollup-linux-s390x-gnu@4.63.4
1107 silly packumentCache full:https://registry.npmjs.org/@rollup%2frollup-linux-s390x-gnu cache-miss
1108 http fetch GET 200 https://registry.npmjs.org/@rollup%2frollup-linux-arm64-gnu 95ms (cache miss)
1109 silly packumentCache full:https://registry.npmjs.org/@rollup%2frollup-linux-arm64-gnu set size:undefined disposed:false
1110 silly fetch manifest @rollup/rollup-win32-ia32-msvc@4.63.4
1111 silly packumentCache full:https://registry.npmjs.org/@rollup%2frollup-win32-ia32-msvc cache-miss
1112 http fetch GET 200 https://registry.npmjs.org/@rollup%2frollup-linux-ppc64-gnu 82ms (cache miss)
1113 silly packumentCache full:https://registry.npmjs.org/@rollup%2frollup-linux-ppc64-gnu set size:undefined disposed:false
1114 silly fetch manifest @rollup/rollup-android-arm-eabi@4.63.4
1115 silly packumentCache full:https://registry.npmjs.org/@rollup%2frollup-android-arm-eabi cache-miss
1116 http fetch GET 200 https://registry.npmjs.org/@rollup%2frollup-linux-s390x-gnu 56ms (cache miss)
1117 silly packumentCache full:https://registry.npmjs.org/@rollup%2frollup-linux-s390x-gnu set size:undefined disposed:false
1118 silly fetch manifest @rollup/rollup-linux-arm64-musl@4.63.4
1119 silly packumentCache full:https://registry.npmjs.org/@rollup%2frollup-linux-arm64-musl cache-miss
1120 http fetch GET 200 https://registry.npmjs.org/@rollup%2frollup-android-arm-eabi 87ms (cache miss)
1121 silly packumentCache full:https://registry.npmjs.org/@rollup%2frollup-android-arm-eabi set size:undefined disposed:false
1122 silly fetch manifest @rollup/rollup-linux-ppc64-musl@4.63.4
1123 silly packumentCache full:https://registry.npmjs.org/@rollup%2frollup-linux-ppc64-musl cache-miss
1124 http fetch GET 200 https://registry.npmjs.org/@rollup%2frollup-win32-ia32-msvc 94ms (cache miss)
1125 silly packumentCache full:https://registry.npmjs.org/@rollup%2frollup-win32-ia32-msvc set size:undefined disposed:false
1126 silly fetch manifest @rollup/rollup-win32-arm64-msvc@4.63.4
1127 silly packumentCache full:https://registry.npmjs.org/@rollup%2frollup-win32-arm64-msvc cache-miss
1128 http fetch GET 200 https://registry.npmjs.org/@rollup%2frollup-linux-arm64-musl 74ms (cache miss)
1129 silly packumentCache full:https://registry.npmjs.org/@rollup%2frollup-linux-arm64-musl set size:undefined disposed:false
1130 silly fetch manifest @rollup/rollup-linux-loong64-gnu@4.63.4
1131 silly packumentCache full:https://registry.npmjs.org/@rollup%2frollup-linux-loong64-gnu cache-miss
1132 http fetch GET 200 https://registry.npmjs.org/@rollup%2frollup-linux-ppc64-musl 46ms (cache miss)
1133 silly packumentCache full:https://registry.npmjs.org/@rollup%2frollup-linux-ppc64-musl set size:undefined disposed:false
1134 silly fetch manifest @rollup/rollup-linux-riscv64-gnu@4.63.4
1135 silly packumentCache full:https://registry.npmjs.org/@rollup%2frollup-linux-riscv64-gnu cache-miss
1136 http fetch GET 200 https://registry.npmjs.org/@rollup%2frollup-linux-loong64-gnu 45ms (cache miss)
1137 silly packumentCache full:https://registry.npmjs.org/@rollup%2frollup-linux-loong64-gnu set size:undefined disposed:false
1138 silly fetch manifest @rollup/rollup-openharmony-arm64@4.63.4
1139 silly packumentCache full:https://registry.npmjs.org/@rollup%2frollup-openharmony-arm64 cache-miss
1140 http fetch GET 200 https://registry.npmjs.org/@rollup%2frollup-win32-arm64-msvc 100ms (cache miss)
1141 silly packumentCache full:https://registry.npmjs.org/@rollup%2frollup-win32-arm64-msvc set size:undefined disposed:false
1142 silly fetch manifest @rollup/rollup-linux-loong64-musl@4.63.4
1143 silly packumentCache full:https://registry.npmjs.org/@rollup%2frollup-linux-loong64-musl cache-miss
1144 http fetch GET 200 https://registry.npmjs.org/@rollup%2frollup-openharmony-arm64 53ms (cache miss)
1145 silly packumentCache full:https://registry.npmjs.org/@rollup%2frollup-openharmony-arm64 set size:undefined disposed:false
1146 silly fetch manifest @rollup/rollup-linux-riscv64-musl@4.63.4
1147 silly packumentCache full:https://registry.npmjs.org/@rollup%2frollup-linux-riscv64-musl cache-miss
1148 http fetch GET 200 https://registry.npmjs.org/@rollup%2frollup-linux-riscv64-gnu 68ms (cache miss)
1149 silly packumentCache full:https://registry.npmjs.org/@rollup%2frollup-linux-riscv64-gnu set size:undefined disposed:false
1150 silly fetch manifest @rollup/rollup-linux-arm-gnueabihf@4.63.4
1151 silly packumentCache full:https://registry.npmjs.org/@rollup%2frollup-linux-arm-gnueabihf cache-miss
1152 http fetch GET 200 https://registry.npmjs.org/@rollup%2frollup-linux-loong64-musl 36ms (cache miss)
1153 silly packumentCache full:https://registry.npmjs.org/@rollup%2frollup-linux-loong64-musl set size:undefined disposed:false
1154 silly fetch manifest @rollup/rollup-linux-arm-musleabihf@4.63.4
1155 silly packumentCache full:https://registry.npmjs.org/@rollup%2frollup-linux-arm-musleabihf cache-miss
1156 http fetch GET 200 https://registry.npmjs.org/@rollup%2frollup-linux-riscv64-musl 46ms (cache miss)
1157 silly packumentCache full:https://registry.npmjs.org/@rollup%2frollup-linux-riscv64-musl set size:undefined disposed:false
1158 http fetch GET 200 https://registry.npmjs.org/@rollup%2frollup-linux-arm-gnueabihf 109ms (cache miss)
1159 silly packumentCache full:https://registry.npmjs.org/@rollup%2frollup-linux-arm-gnueabihf set size:undefined disposed:false
1160 http fetch GET 200 https://registry.npmjs.org/@rollup%2frollup-linux-arm-musleabihf 86ms (cache miss)
1161 silly packumentCache full:https://registry.npmjs.org/@rollup%2frollup-linux-arm-musleabihf set size:undefined disposed:false
1162 silly placeDep ROOT @esbuild/aix-ppc64@0.25.12 OK for: esbuild@0.25.12 want: 0.25.12
1163 silly placeDep ROOT @esbuild/android-arm@0.25.12 OK for: esbuild@0.25.12 want: 0.25.12
1164 silly placeDep ROOT @esbuild/android-arm64@0.25.12 OK for: esbuild@0.25.12 want: 0.25.12
1165 silly placeDep ROOT @esbuild/android-x64@0.25.12 OK for: esbuild@0.25.12 want: 0.25.12
1166 silly placeDep ROOT @esbuild/darwin-arm64@0.25.12 OK for: esbuild@0.25.12 want: 0.25.12
1167 silly placeDep ROOT @esbuild/darwin-x64@0.25.12 OK for: esbuild@0.25.12 want: 0.25.12
1168 silly placeDep ROOT @esbuild/freebsd-arm64@0.25.12 OK for: esbuild@0.25.12 want: 0.25.12
1169 silly placeDep ROOT @esbuild/freebsd-x64@0.25.12 OK for: esbuild@0.25.12 want: 0.25.12
1170 silly placeDep ROOT @esbuild/linux-arm@0.25.12 OK for: esbuild@0.25.12 want: 0.25.12
1171 silly placeDep ROOT @esbuild/linux-arm64@0.25.12 OK for: esbuild@0.25.12 want: 0.25.12
1172 silly placeDep ROOT @esbuild/linux-ia32@0.25.12 OK for: esbuild@0.25.12 want: 0.25.12
1173 silly placeDep ROOT @esbuild/linux-loong64@0.25.12 OK for: esbuild@0.25.12 want: 0.25.12
1174 silly placeDep ROOT @esbuild/linux-mips64el@0.25.12 OK for: esbuild@0.25.12 want: 0.25.12
1175 silly placeDep ROOT @esbuild/linux-ppc64@0.25.12 OK for: esbuild@0.25.12 want: 0.25.12
1176 silly placeDep ROOT @esbuild/linux-riscv64@0.25.12 OK for: esbuild@0.25.12 want: 0.25.12
1177 silly placeDep ROOT @esbuild/linux-s390x@0.25.12 OK for: esbuild@0.25.12 want: 0.25.12
1178 silly placeDep ROOT @esbuild/linux-x64@0.25.12 OK for: esbuild@0.25.12 want: 0.25.12
1179 silly placeDep ROOT @esbuild/netbsd-arm64@0.25.12 OK for: esbuild@0.25.12 want: 0.25.12
1180 silly placeDep ROOT @esbuild/netbsd-x64@0.25.12 OK for: esbuild@0.25.12 want: 0.25.12
1181 silly placeDep ROOT @esbuild/openbsd-arm64@0.25.12 OK for: esbuild@0.25.12 want: 0.25.12
1182 silly placeDep ROOT @esbuild/openbsd-x64@0.25.12 OK for: esbuild@0.25.12 want: 0.25.12
1183 silly placeDep ROOT @esbuild/openharmony-arm64@0.25.12 OK for: esbuild@0.25.12 want: 0.25.12
1184 silly placeDep ROOT @esbuild/sunos-x64@0.25.12 OK for: esbuild@0.25.12 want: 0.25.12
1185 silly placeDep ROOT @esbuild/win32-arm64@0.25.12 OK for: esbuild@0.25.12 want: 0.25.12
1186 silly placeDep ROOT @esbuild/win32-ia32@0.25.12 OK for: esbuild@0.25.12 want: 0.25.12
1187 silly placeDep ROOT @esbuild/win32-x64@0.25.12 OK for: esbuild@0.25.12 want: 0.25.12
1188 silly placeDep ROOT nanoid@3.3.19 OK for: postcss@8.5.28 want: ^3.3.18
1189 silly placeDep ROOT @napi-rs/lzma-linux-x64-gnu@1.5.1 OK for: rollup@4.63.4 want: 1.5.1
1190 silly placeDep ROOT @rollup/rollup-android-arm-eabi@4.63.4 OK for: rollup@4.63.4 want: 4.63.4
1191 silly placeDep ROOT @rollup/rollup-android-arm64@4.63.4 OK for: rollup@4.63.4 want: 4.63.4
1192 silly placeDep ROOT @rollup/rollup-darwin-arm64@4.63.4 OK for: rollup@4.63.4 want: 4.63.4
1193 silly placeDep ROOT @rollup/rollup-darwin-x64@4.63.4 OK for: rollup@4.63.4 want: 4.63.4
1194 silly placeDep ROOT @rollup/rollup-freebsd-arm64@4.63.4 OK for: rollup@4.63.4 want: 4.63.4
1195 silly placeDep ROOT @rollup/rollup-freebsd-x64@4.63.4 OK for: rollup@4.63.4 want: 4.63.4
1196 silly placeDep ROOT @rollup/rollup-linux-arm-gnueabihf@4.63.4 OK for: rollup@4.63.4 want: 4.63.4
1197 silly placeDep ROOT @rollup/rollup-linux-arm-musleabihf@4.63.4 OK for: rollup@4.63.4 want: 4.63.4
1198 silly placeDep ROOT @rollup/rollup-linux-arm64-gnu@4.63.4 OK for: rollup@4.63.4 want: 4.63.4
1199 silly placeDep ROOT @rollup/rollup-linux-arm64-musl@4.63.4 OK for: rollup@4.63.4 want: 4.63.4
1200 silly placeDep ROOT @rollup/rollup-linux-loong64-gnu@4.63.4 OK for: rollup@4.63.4 want: 4.63.4
1201 silly placeDep ROOT @rollup/rollup-linux-loong64-musl@4.63.4 OK for: rollup@4.63.4 want: 4.63.4
1202 silly placeDep ROOT @rollup/rollup-linux-ppc64-gnu@4.63.4 OK for: rollup@4.63.4 want: 4.63.4
1203 silly placeDep ROOT @rollup/rollup-linux-ppc64-musl@4.63.4 OK for: rollup@4.63.4 want: 4.63.4
1204 silly placeDep ROOT @rollup/rollup-linux-riscv64-gnu@4.63.4 OK for: rollup@4.63.4 want: 4.63.4
1205 silly placeDep ROOT @rollup/rollup-linux-riscv64-musl@4.63.4 OK for: rollup@4.63.4 want: 4.63.4
1206 silly placeDep ROOT @rollup/rollup-linux-s390x-gnu@4.63.4 OK for: rollup@4.63.4 want: 4.63.4
1207 silly placeDep ROOT @rollup/rollup-linux-x64-gnu@4.63.4 OK for: rollup@4.63.4 want: 4.63.4
1208 silly placeDep ROOT @rollup/rollup-linux-x64-musl@4.63.4 OK for: rollup@4.63.4 want: 4.63.4
1209 silly placeDep ROOT @rollup/rollup-openbsd-x64@4.63.4 OK for: rollup@4.63.4 want: 4.63.4
1210 silly placeDep ROOT @rollup/rollup-openharmony-arm64@4.63.4 OK for: rollup@4.63.4 want: 4.63.4
1211 silly placeDep ROOT @rollup/rollup-win32-arm64-msvc@4.63.4 OK for: rollup@4.63.4 want: 4.63.4
1212 silly placeDep ROOT @rollup/rollup-win32-ia32-msvc@4.63.4 OK for: rollup@4.63.4 want: 4.63.4
1213 silly placeDep ROOT @rollup/rollup-win32-x64-gnu@4.63.4 OK for: rollup@4.63.4 want: 4.63.4
1214 silly placeDep ROOT @rollup/rollup-win32-x64-msvc@4.63.4 OK for: rollup@4.63.4 want: 4.63.4
1215 silly placeDep ROOT @types/estree@1.0.9 OK for: rollup@4.63.4 want: 1.0.9
1216 silly reify moves {}
1217 http cache @rollup/rollup-darwin-x64@https://registry.npmjs.org/@rollup/rollup-darwin-x64/-/rollup-darwin-x64-4.63.4.tgz 0ms (cache hit)
1218 http cache @types/estree@https://registry.npmjs.org/@types/estree/-/estree-1.0.9.tgz 0ms (cache hit)
1219 http cache nanoid@https://registry.npmjs.org/nanoid/-/nanoid-3.3.19.tgz 0ms (cache hit)
1220 http cache @esbuild/darwin-x64@https://registry.npmjs.org/@esbuild/darwin-x64/-/darwin-x64-0.25.12.tgz 0ms (cache hit)
1221 http cache tinyglobby@https://registry.npmjs.org/tinyglobby/-/tinyglobby-0.2.17.tgz 0ms (cache hit)
1222 http cache rollup@https://registry.npmjs.org/rollup/-/rollup-4.63.4.tgz 0ms (cache hit)
1223 http cache picomatch@https://registry.npmjs.org/picomatch/-/picomatch-4.0.7.tgz 0ms (cache hit)
1224 http cache fsevents@https://registry.npmjs.org/fsevents/-/fsevents-2.3.3.tgz 0ms (cache hit)
1225 http cache postcss@https://registry.npmjs.org/postcss/-/postcss-8.5.28.tgz 0ms (cache hit)
1226 http cache fdir@https://registry.npmjs.org/fdir/-/fdir-6.5.0.tgz 0ms (cache hit)
1227 http cache d3-path@https://registry.npmjs.org/d3-path/-/d3-path-3.1.0.tgz 0ms (cache hit)
1228 http cache esbuild@https://registry.npmjs.org/esbuild/-/esbuild-0.25.12.tgz 0ms (cache hit)
1229 http cache d3-time-format@https://registry.npmjs.org/d3-time-format/-/d3-time-format-4.1.0.tgz 0ms (cache hit)
1230 http cache d3-color@https://registry.npmjs.org/d3-color/-/d3-color-3.1.0.tgz 0ms (cache hit)
1231 http cache internmap@https://registry.npmjs.org/internmap/-/internmap-2.0.3.tgz 0ms (cache hit)
1232 http cache d3-format@https://registry.npmjs.org/d3-format/-/d3-format-3.1.2.tgz 0ms (cache hit)
1233 http cache @types/d3-color@https://registry.npmjs.org/@types/d3-color/-/d3-color-3.1.3.tgz 0ms (cache hit)
1234 http cache d3-time@https://registry.npmjs.org/d3-time/-/d3-time-3.1.0.tgz 0ms (cache hit)
1235 http cache d3-shape@https://registry.npmjs.org/d3-shape/-/d3-shape-3.2.0.tgz 0ms (cache hit)
1236 http cache @types/d3-path@https://registry.npmjs.org/@types/d3-path/-/d3-path-3.1.1.tgz 0ms (cache hit)
1237 http cache d3-scale@https://registry.npmjs.org/d3-scale/-/d3-scale-4.0.2.tgz 0ms (cache hit)
1238 http cache d3-interpolate@https://registry.npmjs.org/d3-interpolate/-/d3-interpolate-3.0.1.tgz 0ms (cache hit)
1239 http cache d3-timer@https://registry.npmjs.org/d3-timer/-/d3-timer-3.0.1.tgz 0ms (cache hit)
1240 http cache d3-ease@https://registry.npmjs.org/d3-ease/-/d3-ease-3.0.1.tgz 1ms (cache hit)
1241 http cache @types/d3-timer@https://registry.npmjs.org/@types/d3-timer/-/d3-timer-3.0.2.tgz 0ms (cache hit)
1242 http cache @types/d3-time@https://registry.npmjs.org/@types/d3-time/-/d3-time-3.0.4.tgz 0ms (cache hit)
1243 http cache @types/d3-shape@https://registry.npmjs.org/@types/d3-shape/-/d3-shape-3.2.0.tgz 0ms (cache hit)
1244 http cache @types/d3-scale@https://registry.npmjs.org/@types/d3-scale/-/d3-scale-4.0.9.tgz 0ms (cache hit)
1245 http cache @types/d3-ease@https://registry.npmjs.org/@types/d3-ease/-/d3-ease-3.0.2.tgz 0ms (cache hit)
1246 http cache @types/d3-interpolate@https://registry.npmjs.org/@types/d3-interpolate/-/d3-interpolate-3.0.4.tgz 0ms (cache hit)
1247 http cache d3-array@https://registry.npmjs.org/d3-array/-/d3-array-3.2.4.tgz 0ms (cache hit)
1248 http cache decimal.js-light@https://registry.npmjs.org/decimal.js-light/-/decimal.js-light-2.5.1.tgz 0ms (cache hit)
1249 http cache @types/d3-array@https://registry.npmjs.org/@types/d3-array/-/d3-array-3.2.2.tgz 0ms (cache hit)
1250 http cache escalade@https://registry.npmjs.org/escalade/-/escalade-3.2.0.tgz 0ms (cache hit)
1251 http cache dom-helpers@https://registry.npmjs.org/dom-helpers/-/dom-helpers-5.2.1.tgz 0ms (cache hit)
1252 http cache loose-envify@https://registry.npmjs.org/loose-envify/-/loose-envify-1.4.0.tgz 0ms (cache hit)
1253 http cache object-assign@https://registry.npmjs.org/object-assign/-/object-assign-4.1.1.tgz 0ms (cache hit)
1254 http cache @babel/runtime@https://registry.npmjs.org/@babel/runtime/-/runtime-7.29.7.tgz 0ms (cache hit)
1255 http cache react-transition-group@https://registry.npmjs.org/react-transition-group/-/react-transition-group-4.4.5.tgz 0ms (cache hit)
1256 http cache victory-vendor@https://registry.npmjs.org/victory-vendor/-/victory-vendor-36.9.2.tgz 0ms (cache hit)
1257 http cache fast-equals@https://registry.npmjs.org/fast-equals/-/fast-equals-5.4.2.tgz 0ms (cache hit)
1258 http cache prop-types@https://registry.npmjs.org/prop-types/-/prop-types-15.8.1.tgz 0ms (cache hit)
1259 http cache tiny-invariant@https://registry.npmjs.org/tiny-invariant/-/tiny-invariant-1.3.3.tgz 0ms (cache hit)
1260 http cache recharts-scale@https://registry.npmjs.org/recharts-scale/-/recharts-scale-0.4.5.tgz 0ms (cache hit)
1261 http cache react-smooth@https://registry.npmjs.org/react-smooth/-/react-smooth-4.0.4.tgz 0ms (cache hit)
1262 http cache react-is@https://registry.npmjs.org/react-is/-/react-is-18.3.1.tgz 0ms (cache hit)
1263 http cache set-cookie-parser@https://registry.npmjs.org/set-cookie-parser/-/set-cookie-parser-2.7.2.tgz 0ms (cache hit)
1264 http cache lodash@https://registry.npmjs.org/lodash/-/lodash-4.18.1.tgz 0ms (cache hit)
1265 http cache eventemitter3@https://registry.npmjs.org/eventemitter3/-/eventemitter3-4.0.7.tgz 0ms (cache hit)
1266 http cache cookie@https://registry.npmjs.org/cookie/-/cookie-1.1.1.tgz 0ms (cache hit)
1267 http cache yallist@https://registry.npmjs.org/yallist/-/yallist-3.1.1.tgz 0ms (cache hit)
1268 http cache scheduler@https://registry.npmjs.org/scheduler/-/scheduler-0.28.0.tgz 0ms (cache hit)
1269 http cache react-router@https://registry.npmjs.org/react-router/-/react-router-7.18.4.tgz 0ms (cache hit)
1270 http cache lightningcss-darwin-x64@https://registry.npmjs.org/lightningcss-darwin-x64/-/lightningcss-darwin-x64-1.32.0.tgz 0ms (cache hit)
1271 http cache tapable@https://registry.npmjs.org/tapable/-/tapable-2.3.3.tgz 0ms (cache hit)
1272 http cache graceful-fs@https://registry.npmjs.org/graceful-fs/-/graceful-fs-4.2.11.tgz 0ms (cache hit)
1273 http cache detect-libc@https://registry.npmjs.org/detect-libc/-/detect-libc-2.1.2.tgz 0ms (cache hit)
1274 http cache update-browserslist-db@https://registry.npmjs.org/update-browserslist-db/-/update-browserslist-db-1.3.3.tgz 0ms (cache hit)
1275 http cache node-releases@https://registry.npmjs.org/node-releases/-/node-releases-2.0.56.tgz 0ms (cache hit)
1276 http cache ms@https://registry.npmjs.org/ms/-/ms-2.1.3.tgz 0ms (cache hit)
1277 http cache electron-to-chromium@https://registry.npmjs.org/electron-to-chromium/-/electron-to-chromium-1.5.433.tgz 0ms (cache hit)
1278 http cache caniuse-lite@https://registry.npmjs.org/caniuse-lite/-/caniuse-lite-1.0.30001810.tgz 0ms (cache hit)
1279 http cache @types/babel__traverse@https://registry.npmjs.org/@types/babel__traverse/-/babel__traverse-7.28.0.tgz 0ms (cache hit)
1280 http cache baseline-browser-mapping@https://registry.npmjs.org/baseline-browser-mapping/-/baseline-browser-mapping-2.11.25.tgz 0ms (cache hit)
1281 http cache @babel/helper-string-parser@https://registry.npmjs.org/@babel/helper-string-parser/-/helper-string-parser-7.29.7.tgz 0ms (cache hit)
1282 http cache @types/babel__generator@https://registry.npmjs.org/@types/babel__generator/-/babel__generator-7.27.0.tgz 0ms (cache hit)
1283 http cache @types/babel__template@https://registry.npmjs.org/@types/babel__template/-/babel__template-7.4.4.tgz 0ms (cache hit)
1284 http cache @babel/helper-globals@https://registry.npmjs.org/@babel/helper-globals/-/helper-globals-7.29.7.tgz 1ms (cache hit)
1285 http cache @babel/helper-module-imports@https://registry.npmjs.org/@babel/helper-module-imports/-/helper-module-imports-7.29.7.tgz 0ms (cache hit)
1286 http cache @babel/helper-validator-option@https://registry.npmjs.org/@babel/helper-validator-option/-/helper-validator-option-7.29.7.tgz 0ms (cache hit)
1287 http cache browserslist@https://registry.npmjs.org/browserslist/-/browserslist-4.29.0.tgz 0ms (cache hit)
1288 http cache lru-cache@https://registry.npmjs.org/lru-cache/-/lru-cache-5.1.1.tgz 0ms (cache hit)
1289 http cache jsesc@https://registry.npmjs.org/jsesc/-/jsesc-3.1.0.tgz 0ms (cache hit)
1290 http cache @babel/compat-data@https://registry.npmjs.org/@babel/compat-data/-/compat-data-7.29.7.tgz 0ms (cache hit)
1291 http cache js-tokens@https://registry.npmjs.org/js-tokens/-/js-tokens-4.0.0.tgz 0ms (cache hit)
1292 http cache picocolors@https://registry.npmjs.org/picocolors/-/picocolors-1.1.1.tgz 0ms (cache hit)
1293 http cache @babel/helper-validator-identifier@https://registry.npmjs.org/@babel/helper-validator-identifier/-/helper-validator-identifier-7.29.7.tgz 0ms (cache hit)
1294 http cache @babel/helper-plugin-utils@https://registry.npmjs.org/@babel/helper-plugin-utils/-/helper-plugin-utils-7.29.7.tgz 0ms (cache hit)
1295 http cache semver@https://registry.npmjs.org/semver/-/semver-6.3.1.tgz 0ms (cache hit)
1296 http cache json5@https://registry.npmjs.org/json5/-/json5-2.2.3.tgz 0ms (cache hit)
1297 http cache gensync@https://registry.npmjs.org/gensync/-/gensync-1.0.0-beta.2.tgz 0ms (cache hit)
1298 http cache convert-source-map@https://registry.npmjs.org/convert-source-map/-/convert-source-map-2.0.0.tgz 0ms (cache hit)
1299 http cache @babel/types@https://registry.npmjs.org/@babel/types/-/types-7.29.8.tgz 0ms (cache hit)
1300 http cache @babel/traverse@https://registry.npmjs.org/@babel/traverse/-/traverse-7.29.8.tgz 0ms (cache hit)
1301 http cache @babel/template@https://registry.npmjs.org/@babel/template/-/template-7.29.7.tgz 0ms (cache hit)
1302 http cache debug@https://registry.npmjs.org/debug/-/debug-4.4.3.tgz 0ms (cache hit)
1303 http cache @babel/parser@https://registry.npmjs.org/@babel/parser/-/parser-7.29.9.tgz 0ms (cache hit)
1304 http cache @babel/helpers@https://registry.npmjs.org/@babel/helpers/-/helpers-7.29.7.tgz 0ms (cache hit)
1305 http cache @babel/helper-module-transforms@https://registry.npmjs.org/@babel/helper-module-transforms/-/helper-module-transforms-7.29.7.tgz 0ms (cache hit)
1306 http cache @babel/generator@https://registry.npmjs.org/@babel/generator/-/generator-7.29.8.tgz 0ms (cache hit)
1307 http cache react-refresh@https://registry.npmjs.org/react-refresh/-/react-refresh-0.17.0.tgz 0ms (cache hit)
1308 http cache @babel/helper-compilation-targets@https://registry.npmjs.org/@babel/helper-compilation-targets/-/helper-compilation-targets-7.29.7.tgz 0ms (cache hit)
1309 http cache @babel/code-frame@https://registry.npmjs.org/@babel/code-frame/-/code-frame-7.29.7.tgz 0ms (cache hit)
1310 http cache @types/babel__core@https://registry.npmjs.org/@types/babel__core/-/babel__core-7.20.5.tgz 0ms (cache hit)
1311 http cache @rolldown/pluginutils@https://registry.npmjs.org/@rolldown/pluginutils/-/pluginutils-1.0.0-beta.27.tgz 0ms (cache hit)
1312 http cache @babel/plugin-transform-react-jsx-source@https://registry.npmjs.org/@babel/plugin-transform-react-jsx-source/-/plugin-transform-react-jsx-source-7.29.7.tgz 0ms (cache hit)
1313 http cache @babel/plugin-transform-react-jsx-self@https://registry.npmjs.org/@babel/plugin-transform-react-jsx-self/-/plugin-transform-react-jsx-self-7.29.7.tgz 0ms (cache hit)
1314 http cache @babel/core@https://registry.npmjs.org/@babel/core/-/core-7.29.7.tgz 0ms (cache hit)
1315 http cache csstype@https://registry.npmjs.org/csstype/-/csstype-3.2.3.tgz 0ms (cache hit)
1316 http cache undici-types@https://registry.npmjs.org/undici-types/-/undici-types-6.21.0.tgz 0ms (cache hit)
1317 http cache @tailwindcss/oxide-darwin-x64@https://registry.npmjs.org/@tailwindcss/oxide-darwin-x64/-/oxide-darwin-x64-4.3.3.tgz 0ms (cache hit)
1318 http cache @jridgewell/resolve-uri@https://registry.npmjs.org/@jridgewell/resolve-uri/-/resolve-uri-3.1.2.tgz 0ms (cache hit)
1319 http cache @jridgewell/sourcemap-codec@https://registry.npmjs.org/@jridgewell/sourcemap-codec/-/sourcemap-codec-1.6.0.tgz 0ms (cache hit)
1320 http cache @jridgewell/gen-mapping@https://registry.npmjs.org/@jridgewell/gen-mapping/-/gen-mapping-0.3.13.tgz 0ms (cache hit)
1321 http cache @jridgewell/trace-mapping@https://registry.npmjs.org/@jridgewell/trace-mapping/-/trace-mapping-0.3.31.tgz 0ms (cache hit)
1322 http cache source-map-js@https://registry.npmjs.org/source-map-js/-/source-map-js-1.2.1.tgz 0ms (cache hit)
1323 http cache lightningcss@https://registry.npmjs.org/lightningcss/-/lightningcss-1.32.0.tgz 0ms (cache hit)
1324 http cache magic-string@https://registry.npmjs.org/magic-string/-/magic-string-0.30.21.tgz 0ms (cache hit)
1325 http cache jiti@https://registry.npmjs.org/jiti/-/jiti-2.7.0.tgz 0ms (cache hit)
1326 http cache enhanced-resolve@https://registry.npmjs.org/enhanced-resolve/-/enhanced-resolve-5.25.1.tgz 0ms (cache hit)
1327 http cache @jridgewell/remapping@https://registry.npmjs.org/@jridgewell/remapping/-/remapping-2.3.5.tgz 0ms (cache hit)
1328 http cache @tailwindcss/oxide@https://registry.npmjs.org/@tailwindcss/oxide/-/oxide-4.3.3.tgz 0ms (cache hit)
1329 http cache @tailwindcss/node@https://registry.npmjs.org/@tailwindcss/node/-/node-4.3.3.tgz 0ms (cache hit)
1330 http cache iceberg-js@https://registry.npmjs.org/iceberg-js/-/iceberg-js-0.8.1.tgz 0ms (cache hit)
1331 http cache @supabase/phoenix@https://registry.npmjs.org/@supabase/phoenix/-/phoenix-0.4.5.tgz 0ms (cache hit)
1332 http cache @supabase/storage-js@https://registry.npmjs.org/@supabase/storage-js/-/storage-js-2.116.0.tgz 0ms (cache hit)
1333 http cache @supabase/realtime-js@https://registry.npmjs.org/@supabase/realtime-js/-/realtime-js-2.116.0.tgz 0ms (cache hit)
1334 http cache @supabase/postgrest-js@https://registry.npmjs.org/@supabase/postgrest-js/-/postgrest-js-2.116.0.tgz 0ms (cache hit)
1335 http cache @supabase/functions-js@https://registry.npmjs.org/@supabase/functions-js/-/functions-js-2.116.0.tgz 0ms (cache hit)
1336 http cache @supabase/auth-js@https://registry.npmjs.org/@supabase/auth-js/-/auth-js-2.116.0.tgz 0ms (cache hit)
1337 http cache zustand@https://registry.npmjs.org/zustand/-/zustand-5.0.15.tgz 0ms (cache hit)
1338 http cache typescript@https://registry.npmjs.org/typescript/-/typescript-5.7.3.tgz 0ms (cache hit)
1339 http cache tailwindcss@https://registry.npmjs.org/tailwindcss/-/tailwindcss-4.3.3.tgz 0ms (cache hit)
1340 http cache tailwind-merge@https://registry.npmjs.org/tailwind-merge/-/tailwind-merge-3.7.0.tgz 0ms (cache hit)
1341 http cache sonner@https://registry.npmjs.org/sonner/-/sonner-2.0.8.tgz 0ms (cache hit)
1342 http cache react-router-dom@https://registry.npmjs.org/react-router-dom/-/react-router-dom-7.18.4.tgz 0ms (cache hit)
1343 http cache recharts@https://registry.npmjs.org/recharts/-/recharts-2.15.4.tgz 0ms (cache hit)
1344 http cache react@https://registry.npmjs.org/react/-/react-19.3.0.tgz 0ms (cache hit)
1345 http cache react-dom@https://registry.npmjs.org/react-dom/-/react-dom-19.3.0.tgz 0ms (cache hit)
1346 http cache lucide-react@https://registry.npmjs.org/lucide-react/-/lucide-react-0.475.0.tgz 0ms (cache hit)
1347 http cache date-fns@https://registry.npmjs.org/date-fns/-/date-fns-4.4.0.tgz 0ms (cache hit)
1348 http cache class-variance-authority@https://registry.npmjs.org/class-variance-authority/-/class-variance-authority-0.7.1.tgz 0ms (cache hit)
1349 http cache clsx@https://registry.npmjs.org/clsx/-/clsx-2.1.1.tgz 0ms (cache hit)
1350 http cache @vitejs/plugin-react@https://registry.npmjs.org/@vitejs/plugin-react/-/plugin-react-4.7.0.tgz 0ms (cache hit)
1351 http cache @types/react-dom@https://registry.npmjs.org/@types/react-dom/-/react-dom-19.3.0.tgz 0ms (cache hit)
1352 http cache @types/node@https://registry.npmjs.org/@types/node/-/node-22.20.4.tgz 0ms (cache hit)
1353 http cache @types/react@https://registry.npmjs.org/@types/react/-/react-19.3.0.tgz 1ms (cache hit)
1354 http cache vite@https://registry.npmjs.org/vite/-/vite-6.4.3.tgz 0ms (cache hit)
1355 http cache @tailwindcss/vite@https://registry.npmjs.org/@tailwindcss/vite/-/vite-4.3.3.tgz 0ms (cache hit)
1356 http cache @supabase/supabase-js@https://registry.npmjs.org/@supabase/supabase-js/-/supabase-js-2.116.0.tgz 0ms (cache hit)
1357 http cache react-is@https://registry.npmjs.org/react-is/-/react-is-16.13.1.tgz 0ms (cache hit)
1358 http cache tslib@https://registry.npmjs.org/tslib/-/tslib-2.8.1.tgz 0ms (cache hit)
1359 silly tarball no local data for @rollup/rollup-darwin-x64@https://registry.npmjs.org/@rollup/rollup-darwin-x64/-/rollup-darwin-x64-4.63.4.tgz. Extracting by manifest.
1360 silly tarball no local data for @types/estree@https://registry.npmjs.org/@types/estree/-/estree-1.0.9.tgz. Extracting by manifest.
1361 silly tarball no local data for nanoid@https://registry.npmjs.org/nanoid/-/nanoid-3.3.19.tgz. Extracting by manifest.
1362 silly tarball no local data for @esbuild/darwin-x64@https://registry.npmjs.org/@esbuild/darwin-x64/-/darwin-x64-0.25.12.tgz. Extracting by manifest.
1363 silly tarball no local data for tinyglobby@https://registry.npmjs.org/tinyglobby/-/tinyglobby-0.2.17.tgz. Extracting by manifest.
1364 silly tarball no local data for rollup@https://registry.npmjs.org/rollup/-/rollup-4.63.4.tgz. Extracting by manifest.
1365 silly tarball no local data for picomatch@https://registry.npmjs.org/picomatch/-/picomatch-4.0.7.tgz. Extracting by manifest.
1366 silly tarball no local data for fsevents@https://registry.npmjs.org/fsevents/-/fsevents-2.3.3.tgz. Extracting by manifest.
1367 silly tarball no local data for postcss@https://registry.npmjs.org/postcss/-/postcss-8.5.28.tgz. Extracting by manifest.
1368 silly tarball no local data for fdir@https://registry.npmjs.org/fdir/-/fdir-6.5.0.tgz. Extracting by manifest.
1369 silly tarball no local data for d3-path@https://registry.npmjs.org/d3-path/-/d3-path-3.1.0.tgz. Extracting by manifest.
1370 silly tarball no local data for esbuild@https://registry.npmjs.org/esbuild/-/esbuild-0.25.12.tgz. Extracting by manifest.
1371 silly tarball no local data for d3-time-format@https://registry.npmjs.org/d3-time-format/-/d3-time-format-4.1.0.tgz. Extracting by manifest.
1372 silly tarball no local data for d3-color@https://registry.npmjs.org/d3-color/-/d3-color-3.1.0.tgz. Extracting by manifest.
1373 silly tarball no local data for internmap@https://registry.npmjs.org/internmap/-/internmap-2.0.3.tgz. Extracting by manifest.
1374 silly tarball no local data for d3-format@https://registry.npmjs.org/d3-format/-/d3-format-3.1.2.tgz. Extracting by manifest.
1375 silly tarball no local data for @types/d3-color@https://registry.npmjs.org/@types/d3-color/-/d3-color-3.1.3.tgz. Extracting by manifest.
1376 silly tarball no local data for d3-shape@https://registry.npmjs.org/d3-shape/-/d3-shape-3.2.0.tgz. Extracting by manifest.
1377 silly tarball no local data for d3-time@https://registry.npmjs.org/d3-time/-/d3-time-3.1.0.tgz. Extracting by manifest.
1378 silly tarball no local data for @types/d3-path@https://registry.npmjs.org/@types/d3-path/-/d3-path-3.1.1.tgz. Extracting by manifest.
1379 silly tarball no local data for d3-scale@https://registry.npmjs.org/d3-scale/-/d3-scale-4.0.2.tgz. Extracting by manifest.
1380 silly tarball no local data for d3-interpolate@https://registry.npmjs.org/d3-interpolate/-/d3-interpolate-3.0.1.tgz. Extracting by manifest.
1381 silly tarball no local data for d3-timer@https://registry.npmjs.org/d3-timer/-/d3-timer-3.0.1.tgz. Extracting by manifest.
1382 silly tarball no local data for d3-ease@https://registry.npmjs.org/d3-ease/-/d3-ease-3.0.1.tgz. Extracting by manifest.
1383 silly tarball no local data for @types/d3-timer@https://registry.npmjs.org/@types/d3-timer/-/d3-timer-3.0.2.tgz. Extracting by manifest.
1384 silly tarball no local data for @types/d3-time@https://registry.npmjs.org/@types/d3-time/-/d3-time-3.0.4.tgz. Extracting by manifest.
1385 silly tarball no local data for @types/d3-shape@https://registry.npmjs.org/@types/d3-shape/-/d3-shape-3.2.0.tgz. Extracting by manifest.
1386 silly tarball no local data for @types/d3-scale@https://registry.npmjs.org/@types/d3-scale/-/d3-scale-4.0.9.tgz. Extracting by manifest.
1387 silly tarball no local data for @types/d3-ease@https://registry.npmjs.org/@types/d3-ease/-/d3-ease-3.0.2.tgz. Extracting by manifest.
1388 silly tarball no local data for @types/d3-interpolate@https://registry.npmjs.org/@types/d3-interpolate/-/d3-interpolate-3.0.4.tgz. Extracting by manifest.
1389 silly tarball no local data for d3-array@https://registry.npmjs.org/d3-array/-/d3-array-3.2.4.tgz. Extracting by manifest.
1390 silly tarball no local data for decimal.js-light@https://registry.npmjs.org/decimal.js-light/-/decimal.js-light-2.5.1.tgz. Extracting by manifest.
1391 silly tarball no local data for @types/d3-array@https://registry.npmjs.org/@types/d3-array/-/d3-array-3.2.2.tgz. Extracting by manifest.
1392 silly tarball no local data for escalade@https://registry.npmjs.org/escalade/-/escalade-3.2.0.tgz. Extracting by manifest.
1393 silly tarball no local data for dom-helpers@https://registry.npmjs.org/dom-helpers/-/dom-helpers-5.2.1.tgz. Extracting by manifest.
1394 silly tarball no local data for loose-envify@https://registry.npmjs.org/loose-envify/-/loose-envify-1.4.0.tgz. Extracting by manifest.
1395 silly tarball no local data for object-assign@https://registry.npmjs.org/object-assign/-/object-assign-4.1.1.tgz. Extracting by manifest.
1396 silly tarball no local data for @babel/runtime@https://registry.npmjs.org/@babel/runtime/-/runtime-7.29.7.tgz. Extracting by manifest.
1397 silly tarball no local data for react-transition-group@https://registry.npmjs.org/react-transition-group/-/react-transition-group-4.4.5.tgz. Extracting by manifest.
1398 silly tarball no local data for victory-vendor@https://registry.npmjs.org/victory-vendor/-/victory-vendor-36.9.2.tgz. Extracting by manifest.
1399 silly tarball no local data for fast-equals@https://registry.npmjs.org/fast-equals/-/fast-equals-5.4.2.tgz. Extracting by manifest.
1400 silly tarball no local data for prop-types@https://registry.npmjs.org/prop-types/-/prop-types-15.8.1.tgz. Extracting by manifest.
1401 silly tarball no local data for tiny-invariant@https://registry.npmjs.org/tiny-invariant/-/tiny-invariant-1.3.3.tgz. Extracting by manifest.
1402 silly tarball no local data for recharts-scale@https://registry.npmjs.org/recharts-scale/-/recharts-scale-0.4.5.tgz. Extracting by manifest.
1403 silly tarball no local data for react-smooth@https://registry.npmjs.org/react-smooth/-/react-smooth-4.0.4.tgz. Extracting by manifest.
1404 silly tarball no local data for react-is@https://registry.npmjs.org/react-is/-/react-is-18.3.1.tgz. Extracting by manifest.
1405 silly tarball no local data for set-cookie-parser@https://registry.npmjs.org/set-cookie-parser/-/set-cookie-parser-2.7.2.tgz. Extracting by manifest.
1406 silly tarball no local data for lodash@https://registry.npmjs.org/lodash/-/lodash-4.18.1.tgz. Extracting by manifest.
1407 silly tarball no local data for eventemitter3@https://registry.npmjs.org/eventemitter3/-/eventemitter3-4.0.7.tgz. Extracting by manifest.
1408 silly tarball no local data for cookie@https://registry.npmjs.org/cookie/-/cookie-1.1.1.tgz. Extracting by manifest.
1409 silly tarball no local data for yallist@https://registry.npmjs.org/yallist/-/yallist-3.1.1.tgz. Extracting by manifest.
1410 silly tarball no local data for scheduler@https://registry.npmjs.org/scheduler/-/scheduler-0.28.0.tgz. Extracting by manifest.
1411 silly tarball no local data for react-router@https://registry.npmjs.org/react-router/-/react-router-7.18.4.tgz. Extracting by manifest.
1412 silly tarball no local data for lightningcss-darwin-x64@https://registry.npmjs.org/lightningcss-darwin-x64/-/lightningcss-darwin-x64-1.32.0.tgz. Extracting by manifest.
1413 silly tarball no local data for tapable@https://registry.npmjs.org/tapable/-/tapable-2.3.3.tgz. Extracting by manifest.
1414 silly tarball no local data for graceful-fs@https://registry.npmjs.org/graceful-fs/-/graceful-fs-4.2.11.tgz. Extracting by manifest.
1415 silly tarball no local data for detect-libc@https://registry.npmjs.org/detect-libc/-/detect-libc-2.1.2.tgz. Extracting by manifest.
1416 silly tarball no local data for update-browserslist-db@https://registry.npmjs.org/update-browserslist-db/-/update-browserslist-db-1.3.3.tgz. Extracting by manifest.
1417 silly tarball no local data for node-releases@https://registry.npmjs.org/node-releases/-/node-releases-2.0.56.tgz. Extracting by manifest.
1418 silly tarball no local data for ms@https://registry.npmjs.org/ms/-/ms-2.1.3.tgz. Extracting by manifest.
1419 silly tarball no local data for electron-to-chromium@https://registry.npmjs.org/electron-to-chromium/-/electron-to-chromium-1.5.433.tgz. Extracting by manifest.
1420 silly tarball no local data for caniuse-lite@https://registry.npmjs.org/caniuse-lite/-/caniuse-lite-1.0.30001810.tgz. Extracting by manifest.
1421 silly tarball no local data for @types/babel__traverse@https://registry.npmjs.org/@types/babel__traverse/-/babel__traverse-7.28.0.tgz. Extracting by manifest.
1422 silly tarball no local data for baseline-browser-mapping@https://registry.npmjs.org/baseline-browser-mapping/-/baseline-browser-mapping-2.11.25.tgz. Extracting by manifest.
1423 silly tarball no local data for @babel/helper-string-parser@https://registry.npmjs.org/@babel/helper-string-parser/-/helper-string-parser-7.29.7.tgz. Extracting by manifest.
1424 silly tarball no local data for @types/babel__generator@https://registry.npmjs.org/@types/babel__generator/-/babel__generator-7.27.0.tgz. Extracting by manifest.
1425 silly tarball no local data for @types/babel__template@https://registry.npmjs.org/@types/babel__template/-/babel__template-7.4.4.tgz. Extracting by manifest.
1426 silly tarball no local data for @babel/helper-globals@https://registry.npmjs.org/@babel/helper-globals/-/helper-globals-7.29.7.tgz. Extracting by manifest.
1427 silly tarball no local data for @babel/helper-module-imports@https://registry.npmjs.org/@babel/helper-module-imports/-/helper-module-imports-7.29.7.tgz. Extracting by manifest.
1428 silly tarball no local data for @babel/helper-validator-option@https://registry.npmjs.org/@babel/helper-validator-option/-/helper-validator-option-7.29.7.tgz. Extracting by manifest.
1429 silly tarball no local data for browserslist@https://registry.npmjs.org/browserslist/-/browserslist-4.29.0.tgz. Extracting by manifest.
1430 silly tarball no local data for lru-cache@https://registry.npmjs.org/lru-cache/-/lru-cache-5.1.1.tgz. Extracting by manifest.
1431 silly tarball no local data for jsesc@https://registry.npmjs.org/jsesc/-/jsesc-3.1.0.tgz. Extracting by manifest.
1432 silly tarball no local data for @babel/compat-data@https://registry.npmjs.org/@babel/compat-data/-/compat-data-7.29.7.tgz. Extracting by manifest.
1433 silly tarball no local data for js-tokens@https://registry.npmjs.org/js-tokens/-/js-tokens-4.0.0.tgz. Extracting by manifest.
1434 silly tarball no local data for picocolors@https://registry.npmjs.org/picocolors/-/picocolors-1.1.1.tgz. Extracting by manifest.
1435 silly tarball no local data for @babel/helper-validator-identifier@https://registry.npmjs.org/@babel/helper-validator-identifier/-/helper-validator-identifier-7.29.7.tgz. Extracting by manifest.
1436 silly tarball no local data for @babel/helper-plugin-utils@https://registry.npmjs.org/@babel/helper-plugin-utils/-/helper-plugin-utils-7.29.7.tgz. Extracting by manifest.
1437 silly tarball no local data for semver@https://registry.npmjs.org/semver/-/semver-6.3.1.tgz. Extracting by manifest.
1438 silly tarball no local data for json5@https://registry.npmjs.org/json5/-/json5-2.2.3.tgz. Extracting by manifest.
1439 silly tarball no local data for gensync@https://registry.npmjs.org/gensync/-/gensync-1.0.0-beta.2.tgz. Extracting by manifest.
1440 silly tarball no local data for convert-source-map@https://registry.npmjs.org/convert-source-map/-/convert-source-map-2.0.0.tgz. Extracting by manifest.
1441 silly tarball no local data for @babel/types@https://registry.npmjs.org/@babel/types/-/types-7.29.8.tgz. Extracting by manifest.
1442 silly tarball no local data for @babel/traverse@https://registry.npmjs.org/@babel/traverse/-/traverse-7.29.8.tgz. Extracting by manifest.
1443 silly tarball no local data for @babel/template@https://registry.npmjs.org/@babel/template/-/template-7.29.7.tgz. Extracting by manifest.
1444 silly tarball no local data for debug@https://registry.npmjs.org/debug/-/debug-4.4.3.tgz. Extracting by manifest.
1445 silly tarball no local data for @babel/parser@https://registry.npmjs.org/@babel/parser/-/parser-7.29.9.tgz. Extracting by manifest.
1446 silly tarball no local data for @babel/helpers@https://registry.npmjs.org/@babel/helpers/-/helpers-7.29.7.tgz. Extracting by manifest.
1447 silly tarball no local data for @babel/helper-module-transforms@https://registry.npmjs.org/@babel/helper-module-transforms/-/helper-module-transforms-7.29.7.tgz. Extracting by manifest.
1448 silly tarball no local data for @babel/generator@https://registry.npmjs.org/@babel/generator/-/generator-7.29.8.tgz. Extracting by manifest.
1449 silly tarball no local data for react-refresh@https://registry.npmjs.org/react-refresh/-/react-refresh-0.17.0.tgz. Extracting by manifest.
1450 silly tarball no local data for @babel/helper-compilation-targets@https://registry.npmjs.org/@babel/helper-compilation-targets/-/helper-compilation-targets-7.29.7.tgz. Extracting by manifest.
1451 silly tarball no local data for @babel/code-frame@https://registry.npmjs.org/@babel/code-frame/-/code-frame-7.29.7.tgz. Extracting by manifest.
1452 silly tarball no local data for @types/babel__core@https://registry.npmjs.org/@types/babel__core/-/babel__core-7.20.5.tgz. Extracting by manifest.
1453 silly tarball no local data for @rolldown/pluginutils@https://registry.npmjs.org/@rolldown/pluginutils/-/pluginutils-1.0.0-beta.27.tgz. Extracting by manifest.
1454 silly tarball no local data for @babel/plugin-transform-react-jsx-source@https://registry.npmjs.org/@babel/plugin-transform-react-jsx-source/-/plugin-transform-react-jsx-source-7.29.7.tgz. Extracting by manifest.
1455 silly tarball no local data for @babel/plugin-transform-react-jsx-self@https://registry.npmjs.org/@babel/plugin-transform-react-jsx-self/-/plugin-transform-react-jsx-self-7.29.7.tgz. Extracting by manifest.
1456 silly tarball no local data for @babel/core@https://registry.npmjs.org/@babel/core/-/core-7.29.7.tgz. Extracting by manifest.
1457 silly tarball no local data for csstype@https://registry.npmjs.org/csstype/-/csstype-3.2.3.tgz. Extracting by manifest.
1458 silly tarball no local data for undici-types@https://registry.npmjs.org/undici-types/-/undici-types-6.21.0.tgz. Extracting by manifest.
1459 silly tarball no local data for @tailwindcss/oxide-darwin-x64@https://registry.npmjs.org/@tailwindcss/oxide-darwin-x64/-/oxide-darwin-x64-4.3.3.tgz. Extracting by manifest.
1460 silly tarball no local data for @jridgewell/resolve-uri@https://registry.npmjs.org/@jridgewell/resolve-uri/-/resolve-uri-3.1.2.tgz. Extracting by manifest.
1461 silly tarball no local data for @jridgewell/sourcemap-codec@https://registry.npmjs.org/@jridgewell/sourcemap-codec/-/sourcemap-codec-1.6.0.tgz. Extracting by manifest.
1462 silly tarball no local data for @jridgewell/gen-mapping@https://registry.npmjs.org/@jridgewell/gen-mapping/-/gen-mapping-0.3.13.tgz. Extracting by manifest.
1463 silly tarball no local data for @jridgewell/trace-mapping@https://registry.npmjs.org/@jridgewell/trace-mapping/-/trace-mapping-0.3.31.tgz. Extracting by manifest.
1464 silly tarball no local data for source-map-js@https://registry.npmjs.org/source-map-js/-/source-map-js-1.2.1.tgz. Extracting by manifest.
1465 silly tarball no local data for lightningcss@https://registry.npmjs.org/lightningcss/-/lightningcss-1.32.0.tgz. Extracting by manifest.
1466 silly tarball no local data for magic-string@https://registry.npmjs.org/magic-string/-/magic-string-0.30.21.tgz. Extracting by manifest.
1467 silly tarball no local data for jiti@https://registry.npmjs.org/jiti/-/jiti-2.7.0.tgz. Extracting by manifest.
1468 silly tarball no local data for enhanced-resolve@https://registry.npmjs.org/enhanced-resolve/-/enhanced-resolve-5.25.1.tgz. Extracting by manifest.
1469 silly tarball no local data for @jridgewell/remapping@https://registry.npmjs.org/@jridgewell/remapping/-/remapping-2.3.5.tgz. Extracting by manifest.
1470 silly tarball no local data for @tailwindcss/oxide@https://registry.npmjs.org/@tailwindcss/oxide/-/oxide-4.3.3.tgz. Extracting by manifest.
1471 silly tarball no local data for @tailwindcss/node@https://registry.npmjs.org/@tailwindcss/node/-/node-4.3.3.tgz. Extracting by manifest.
1472 silly tarball no local data for iceberg-js@https://registry.npmjs.org/iceberg-js/-/iceberg-js-0.8.1.tgz. Extracting by manifest.
1473 silly tarball no local data for @supabase/phoenix@https://registry.npmjs.org/@supabase/phoenix/-/phoenix-0.4.5.tgz. Extracting by manifest.
1474 silly tarball no local data for @supabase/storage-js@https://registry.npmjs.org/@supabase/storage-js/-/storage-js-2.116.0.tgz. Extracting by manifest.
1475 silly tarball no local data for @supabase/postgrest-js@https://registry.npmjs.org/@supabase/postgrest-js/-/postgrest-js-2.116.0.tgz. Extracting by manifest.
1476 silly tarball no local data for @supabase/realtime-js@https://registry.npmjs.org/@supabase/realtime-js/-/realtime-js-2.116.0.tgz. Extracting by manifest.
1477 silly tarball no local data for @supabase/functions-js@https://registry.npmjs.org/@supabase/functions-js/-/functions-js-2.116.0.tgz. Extracting by manifest.
1478 silly tarball no local data for @supabase/auth-js@https://registry.npmjs.org/@supabase/auth-js/-/auth-js-2.116.0.tgz. Extracting by manifest.
1479 silly tarball no local data for zustand@https://registry.npmjs.org/zustand/-/zustand-5.0.15.tgz. Extracting by manifest.
1480 silly tarball no local data for typescript@https://registry.npmjs.org/typescript/-/typescript-5.7.3.tgz. Extracting by manifest.
1481 silly tarball no local data for tailwindcss@https://registry.npmjs.org/tailwindcss/-/tailwindcss-4.3.3.tgz. Extracting by manifest.
1482 silly tarball no local data for tailwind-merge@https://registry.npmjs.org/tailwind-merge/-/tailwind-merge-3.7.0.tgz. Extracting by manifest.
1483 silly tarball no local data for sonner@https://registry.npmjs.org/sonner/-/sonner-2.0.8.tgz. Extracting by manifest.
1484 silly tarball no local data for react-router-dom@https://registry.npmjs.org/react-router-dom/-/react-router-dom-7.18.4.tgz. Extracting by manifest.
1485 silly tarball no local data for recharts@https://registry.npmjs.org/recharts/-/recharts-2.15.4.tgz. Extracting by manifest.
1486 silly tarball no local data for react@https://registry.npmjs.org/react/-/react-19.3.0.tgz. Extracting by manifest.
1487 silly tarball no local data for react-dom@https://registry.npmjs.org/react-dom/-/react-dom-19.3.0.tgz. Extracting by manifest.
1488 silly tarball no local data for lucide-react@https://registry.npmjs.org/lucide-react/-/lucide-react-0.475.0.tgz. Extracting by manifest.
1489 silly tarball no local data for date-fns@https://registry.npmjs.org/date-fns/-/date-fns-4.4.0.tgz. Extracting by manifest.
1490 silly tarball no local data for class-variance-authority@https://registry.npmjs.org/class-variance-authority/-/class-variance-authority-0.7.1.tgz. Extracting by manifest.
1491 silly tarball no local data for clsx@https://registry.npmjs.org/clsx/-/clsx-2.1.1.tgz. Extracting by manifest.
1492 silly tarball no local data for @vitejs/plugin-react@https://registry.npmjs.org/@vitejs/plugin-react/-/plugin-react-4.7.0.tgz. Extracting by manifest.
1493 silly tarball no local data for @types/react-dom@https://registry.npmjs.org/@types/react-dom/-/react-dom-19.3.0.tgz. Extracting by manifest.
1494 silly tarball no local data for @types/node@https://registry.npmjs.org/@types/node/-/node-22.20.4.tgz. Extracting by manifest.
1495 silly tarball no local data for @types/react@https://registry.npmjs.org/@types/react/-/react-19.3.0.tgz. Extracting by manifest.
1496 silly tarball no local data for vite@https://registry.npmjs.org/vite/-/vite-6.4.3.tgz. Extracting by manifest.
1497 silly tarball no local data for @tailwindcss/vite@https://registry.npmjs.org/@tailwindcss/vite/-/vite-4.3.3.tgz. Extracting by manifest.
1498 silly tarball no local data for @supabase/supabase-js@https://registry.npmjs.org/@supabase/supabase-js/-/supabase-js-2.116.0.tgz. Extracting by manifest.
1499 silly tarball no local data for react-is@https://registry.npmjs.org/react-is/-/react-is-16.13.1.tgz. Extracting by manifest.
1500 silly tarball no local data for tslib@https://registry.npmjs.org/tslib/-/tslib-2.8.1.tgz. Extracting by manifest.
1501 http fetch GET 200 https://registry.npmjs.org/nanoid/-/nanoid-3.3.19.tgz 626ms (cache miss)
1502 http fetch GET 200 https://registry.npmjs.org/d3-format/-/d3-format-3.1.2.tgz 622ms (cache miss)
1503 http fetch GET 200 https://registry.npmjs.org/@types/d3-color/-/d3-color-3.1.3.tgz 667ms (cache miss)
1504 http fetch GET 200 https://registry.npmjs.org/@types/estree/-/estree-1.0.9.tgz 698ms (cache miss)
1505 http fetch GET 200 https://registry.npmjs.org/tinyglobby/-/tinyglobby-0.2.17.tgz 961ms (cache miss)
1506 http fetch GET 200 https://registry.npmjs.org/d3-time/-/d3-time-3.1.0.tgz 970ms (cache miss)
1507 http fetch GET 200 https://registry.npmjs.org/@types/d3-path/-/d3-path-3.1.1.tgz 999ms (cache miss)
1508 http fetch GET 200 https://registry.npmjs.org/fdir/-/fdir-6.5.0.tgz 1019ms (cache miss)
1509 http fetch GET 200 https://registry.npmjs.org/d3-path/-/d3-path-3.1.0.tgz 1021ms (cache miss)
1510 http fetch GET 200 https://registry.npmjs.org/@types/d3-time/-/d3-time-3.0.4.tgz 1032ms (cache miss)
1511 http fetch GET 200 https://registry.npmjs.org/@types/d3-timer/-/d3-timer-3.0.2.tgz 1035ms (cache miss)
1512 http fetch GET 200 https://registry.npmjs.org/internmap/-/internmap-2.0.3.tgz 1069ms (cache miss)
1513 http fetch GET 200 https://registry.npmjs.org/@types/d3-ease/-/d3-ease-3.0.2.tgz 1061ms (cache miss)
1514 http fetch GET 200 https://registry.npmjs.org/@types/d3-interpolate/-/d3-interpolate-3.0.4.tgz 1097ms (cache miss)
1515 http fetch GET 200 https://registry.npmjs.org/object-assign/-/object-assign-4.1.1.tgz 1106ms (cache miss)
1516 http fetch GET 200 https://registry.npmjs.org/d3-timer/-/d3-timer-3.0.1.tgz 1249ms (cache miss)
1517 http fetch GET 200 https://registry.npmjs.org/loose-envify/-/loose-envify-1.4.0.tgz 1345ms (cache miss)
1518 http fetch GET 200 https://registry.npmjs.org/@types/d3-array/-/d3-array-3.2.2.tgz 1349ms (cache miss)
1519 http fetch GET 200 https://registry.npmjs.org/escalade/-/escalade-3.2.0.tgz 1420ms (cache miss)
1520 http fetch GET 200 https://registry.npmjs.org/esbuild/-/esbuild-0.25.12.tgz 1474ms (cache miss)
1521 http fetch GET 200 https://registry.npmjs.org/@types/d3-scale/-/d3-scale-4.0.9.tgz 1528ms (cache miss)
1522 http fetch GET 200 https://registry.npmjs.org/@types/d3-shape/-/d3-shape-3.2.0.tgz 1530ms (cache miss)
1523 http fetch GET 200 https://registry.npmjs.org/prop-types/-/prop-types-15.8.1.tgz 1538ms (cache miss)
1524 http fetch GET 200 https://registry.npmjs.org/picomatch/-/picomatch-4.0.7.tgz 1593ms (cache miss)
1525 http fetch GET 200 https://registry.npmjs.org/decimal.js-light/-/decimal.js-light-2.5.1.tgz 1575ms (cache miss)
1526 http fetch GET 200 https://registry.npmjs.org/cookie/-/cookie-1.1.1.tgz 1561ms (cache miss)
1527 http fetch GET 200 https://registry.npmjs.org/yallist/-/yallist-3.1.1.tgz 1562ms (cache miss)
1528 http fetch GET 200 https://registry.npmjs.org/fsevents/-/fsevents-2.3.3.tgz 1608ms (cache miss)
1529 http fetch GET 200 https://registry.npmjs.org/set-cookie-parser/-/set-cookie-parser-2.7.2.tgz 1580ms (cache miss)
1530 http fetch GET 200 https://registry.npmjs.org/react-is/-/react-is-18.3.1.tgz 1582ms (cache miss)
1531 http fetch GET 200 https://registry.npmjs.org/eventemitter3/-/eventemitter3-4.0.7.tgz 1581ms (cache miss)
1532 http fetch GET 200 https://registry.npmjs.org/graceful-fs/-/graceful-fs-4.2.11.tgz 1607ms (cache miss)
1533 http fetch GET 200 https://registry.npmjs.org/detect-libc/-/detect-libc-2.1.2.tgz 1621ms (cache miss)
1534 http fetch GET 200 https://registry.npmjs.org/node-releases/-/node-releases-2.0.56.tgz 1619ms (cache miss)
1535 http fetch GET 200 https://registry.npmjs.org/ms/-/ms-2.1.3.tgz 1622ms (cache miss)
1536 http fetch GET 200 https://registry.npmjs.org/@types/babel__template/-/babel__template-7.4.4.tgz 1630ms (cache miss)
1537 http fetch GET 200 https://registry.npmjs.org/update-browserslist-db/-/update-browserslist-db-1.3.3.tgz 1707ms (cache miss)
1538 http fetch GET 200 https://registry.npmjs.org/@types/babel__generator/-/babel__generator-7.27.0.tgz 1702ms (cache miss)
1539 http fetch GET 200 https://registry.npmjs.org/d3-color/-/d3-color-3.1.0.tgz 1747ms (cache miss)
1540 http fetch GET 200 https://registry.npmjs.org/@babel/helper-string-parser/-/helper-string-parser-7.29.7.tgz 1734ms (cache miss)
1541 http fetch GET 200 https://registry.npmjs.org/@types/babel__traverse/-/babel__traverse-7.28.0.tgz 1737ms (cache miss)
1542 http fetch GET 200 https://registry.npmjs.org/@babel/helper-globals/-/helper-globals-7.29.7.tgz 1759ms (cache miss)
1543 http fetch GET 200 https://registry.npmjs.org/tiny-invariant/-/tiny-invariant-1.3.3.tgz 1838ms (cache miss)
1544 http fetch GET 200 https://registry.npmjs.org/lru-cache/-/lru-cache-5.1.1.tgz 1826ms (cache miss)
1545 http fetch GET 200 https://registry.npmjs.org/d3-ease/-/d3-ease-3.0.1.tgz 1911ms (cache miss)
1546 http fetch GET 200 https://registry.npmjs.org/picocolors/-/picocolors-1.1.1.tgz 1882ms (cache miss)
1547 http fetch GET 200 https://registry.npmjs.org/scheduler/-/scheduler-0.28.0.tgz 1916ms (cache miss)
1548 http fetch GET 200 https://registry.npmjs.org/jsesc/-/jsesc-3.1.0.tgz 1946ms (cache miss)
1549 http fetch GET 200 https://registry.npmjs.org/@babel/helper-plugin-utils/-/helper-plugin-utils-7.29.7.tgz 1956ms (cache miss)
1550 http fetch GET 200 https://registry.npmjs.org/js-tokens/-/js-tokens-4.0.0.tgz 1959ms (cache miss)
1551 http fetch GET 200 https://registry.npmjs.org/@babel/helper-module-imports/-/helper-module-imports-7.29.7.tgz 1964ms (cache miss)
1552 http fetch GET 200 https://registry.npmjs.org/electron-to-chromium/-/electron-to-chromium-1.5.433.tgz 1974ms (cache miss)
1553 http fetch GET 200 https://registry.npmjs.org/browserslist/-/browserslist-4.29.0.tgz 1977ms (cache miss)
1554 http fetch GET 200 https://registry.npmjs.org/@babel/helper-validator-option/-/helper-validator-option-7.29.7.tgz 1985ms (cache miss)
1555 http fetch GET 200 https://registry.npmjs.org/semver/-/semver-6.3.1.tgz 2010ms (cache miss)
1556 http fetch GET 200 https://registry.npmjs.org/@babel/helper-validator-identifier/-/helper-validator-identifier-7.29.7.tgz 2013ms (cache miss)
1557 http fetch GET 200 https://registry.npmjs.org/baseline-browser-mapping/-/baseline-browser-mapping-2.11.25.tgz 2045ms (cache miss)
1558 http fetch GET 200 https://registry.npmjs.org/gensync/-/gensync-1.0.0-beta.2.tgz 2036ms (cache miss)
1559 http fetch GET 200 https://registry.npmjs.org/tapable/-/tapable-2.3.3.tgz 2074ms (cache miss)
1560 http fetch GET 200 https://registry.npmjs.org/@babel/compat-data/-/compat-data-7.29.7.tgz 2063ms (cache miss)
1561 http fetch GET 200 https://registry.npmjs.org/convert-source-map/-/convert-source-map-2.0.0.tgz 2062ms (cache miss)
1562 http fetch GET 200 https://registry.npmjs.org/debug/-/debug-4.4.3.tgz 2100ms (cache miss)
1563 http fetch GET 200 https://registry.npmjs.org/recharts-scale/-/recharts-scale-0.4.5.tgz 2236ms (cache miss)
1564 http fetch GET 200 https://registry.npmjs.org/@babel/code-frame/-/code-frame-7.29.7.tgz 2348ms (cache miss)
1565 http fetch GET 200 https://registry.npmjs.org/react-refresh/-/react-refresh-0.17.0.tgz 2356ms (cache miss)
1566 http fetch GET 200 https://registry.npmjs.org/@rolldown/pluginutils/-/pluginutils-1.0.0-beta.27.tgz 2357ms (cache miss)
1567 http fetch GET 200 https://registry.npmjs.org/@types/babel__core/-/babel__core-7.20.5.tgz 2366ms (cache miss)
1568 http fetch GET 200 https://registry.npmjs.org/fast-equals/-/fast-equals-5.4.2.tgz 2413ms (cache miss)
1569 http fetch GET 200 https://registry.npmjs.org/d3-scale/-/d3-scale-4.0.2.tgz 2440ms (cache miss)
1570 http fetch GET 200 https://registry.npmjs.org/d3-interpolate/-/d3-interpolate-3.0.1.tgz 2446ms (cache miss)
1571 http fetch GET 200 https://registry.npmjs.org/@babel/template/-/template-7.29.7.tgz 2485ms (cache miss)
1572 http fetch GET 200 https://registry.npmjs.org/@babel/plugin-transform-react-jsx-source/-/plugin-transform-react-jsx-source-7.29.7.tgz 2478ms (cache miss)
1573 http fetch GET 200 https://registry.npmjs.org/@rollup/rollup-darwin-x64/-/rollup-darwin-x64-4.63.4.tgz 2809ms (cache miss)
1574 http fetch GET 200 https://registry.npmjs.org/@babel/helper-compilation-targets/-/helper-compilation-targets-7.29.7.tgz 2751ms (cache miss)
1575 http fetch GET 200 https://registry.npmjs.org/json5/-/json5-2.2.3.tgz 2771ms (cache miss)
1576 http fetch GET 200 https://registry.npmjs.org/d3-time-format/-/d3-time-format-4.1.0.tgz 2839ms (cache miss)
1577 http fetch GET 200 https://registry.npmjs.org/@babel/plugin-transform-react-jsx-self/-/plugin-transform-react-jsx-self-7.29.7.tgz 2772ms (cache miss)
1578 http fetch GET 200 https://registry.npmjs.org/react-smooth/-/react-smooth-4.0.4.tgz 2822ms (cache miss)
1579 http fetch GET 200 https://registry.npmjs.org/react-transition-group/-/react-transition-group-4.4.5.tgz 2851ms (cache miss)
1580 http fetch GET 200 https://registry.npmjs.org/@babel/helper-module-transforms/-/helper-module-transforms-7.29.7.tgz 2847ms (cache miss)
1581 http fetch GET 200 https://registry.npmjs.org/@jridgewell/resolve-uri/-/resolve-uri-3.1.2.tgz 2881ms (cache miss)
1582 http fetch GET 200 https://registry.npmjs.org/@tailwindcss/oxide/-/oxide-4.3.3.tgz 3034ms (cache miss)
1583 http fetch GET 200 https://registry.npmjs.org/undici-types/-/undici-types-6.21.0.tgz 3155ms (cache miss)
1584 http fetch GET 200 https://registry.npmjs.org/@tailwindcss/node/-/node-4.3.3.tgz 3178ms (cache miss)
1585 http fetch GET 200 https://registry.npmjs.org/source-map-js/-/source-map-js-1.2.1.tgz 3195ms (cache miss)
1586 http fetch GET 200 https://registry.npmjs.org/iceberg-js/-/iceberg-js-0.8.1.tgz 3194ms (cache miss)
1587 http fetch GET 200 https://registry.npmjs.org/postcss/-/postcss-8.5.28.tgz 3297ms (cache miss)
1588 http fetch GET 200 https://registry.npmjs.org/magic-string/-/magic-string-0.30.21.tgz 3250ms (cache miss)
1589 http fetch GET 200 https://registry.npmjs.org/lightningcss/-/lightningcss-1.32.0.tgz 3269ms (cache miss)
1590 http fetch GET 200 https://registry.npmjs.org/csstype/-/csstype-3.2.3.tgz 3304ms (cache miss)
1591 http fetch GET 200 https://registry.npmjs.org/@jridgewell/sourcemap-codec/-/sourcemap-codec-1.6.0.tgz 3365ms (cache miss)
1592 http fetch GET 200 https://registry.npmjs.org/@jridgewell/gen-mapping/-/gen-mapping-0.3.13.tgz 3424ms (cache miss)
1593 http fetch GET 200 https://registry.npmjs.org/@jridgewell/remapping/-/remapping-2.3.5.tgz 3450ms (cache miss)
1594 http fetch GET 200 https://registry.npmjs.org/@babel/parser/-/parser-7.29.9.tgz 3480ms (cache miss)
1595 http fetch GET 200 https://registry.npmjs.org/d3-array/-/d3-array-3.2.4.tgz 3736ms (cache miss)
1596 http fetch GET 200 https://registry.npmjs.org/react-router-dom/-/react-router-dom-7.18.4.tgz 3773ms (cache miss)
1597 http fetch GET 200 https://registry.npmjs.org/d3-shape/-/d3-shape-3.2.0.tgz 3959ms (cache miss)
1598 http fetch GET 200 https://registry.npmjs.org/sonner/-/sonner-2.0.8.tgz 3932ms (cache miss)
1599 http fetch GET 200 https://registry.npmjs.org/class-variance-authority/-/class-variance-authority-0.7.1.tgz 4002ms (cache miss)
1600 http fetch GET 200 https://registry.npmjs.org/clsx/-/clsx-2.1.1.tgz 4002ms (cache miss)
1601 http fetch GET 200 https://registry.npmjs.org/@jridgewell/trace-mapping/-/trace-mapping-0.3.31.tgz 4169ms (cache miss)
1602 http fetch GET 200 https://registry.npmjs.org/@vitejs/plugin-react/-/plugin-react-4.7.0.tgz 4302ms (cache miss)
1603 http fetch GET 200 https://registry.npmjs.org/jiti/-/jiti-2.7.0.tgz 4416ms (cache miss)
1604 http fetch GET 200 https://registry.npmjs.org/@types/react-dom/-/react-dom-19.3.0.tgz 4425ms (cache miss)
1605 http fetch GET 200 https://registry.npmjs.org/react/-/react-19.3.0.tgz 4687ms (cache miss)
1606 http fetch GET 200 https://registry.npmjs.org/@tailwindcss/vite/-/vite-4.3.3.tgz 4694ms (cache miss)
1607 http fetch GET 200 https://registry.npmjs.org/rollup/-/rollup-4.63.4.tgz 4802ms (cache miss)
1608 http fetch GET 200 https://registry.npmjs.org/@babel/generator/-/generator-7.29.8.tgz 4738ms (cache miss)
1609 http fetch GET 200 https://registry.npmjs.org/tailwindcss/-/tailwindcss-4.3.3.tgz 4788ms (cache miss)
1610 http fetch GET 200 https://registry.npmjs.org/zustand/-/zustand-5.0.15.tgz 4839ms (cache miss)
1611 http fetch GET 200 https://registry.npmjs.org/react-is/-/react-is-16.13.1.tgz 4924ms (cache miss)
1612 http fetch GET 200 https://registry.npmjs.org/@supabase/storage-js/-/storage-js-2.116.0.tgz 4940ms (cache miss)
1613 http fetch GET 200 https://registry.npmjs.org/enhanced-resolve/-/enhanced-resolve-5.25.1.tgz 4962ms (cache miss)
1614 http fetch GET 200 https://registry.npmjs.org/@supabase/postgrest-js/-/postgrest-js-2.116.0.tgz 4979ms (cache miss)
1615 http fetch GET 200 https://registry.npmjs.org/@types/react/-/react-19.3.0.tgz 4980ms (cache miss)
1616 http fetch GET 200 https://registry.npmjs.org/tailwind-merge/-/tailwind-merge-3.7.0.tgz 5132ms (cache miss)
1617 http fetch GET 200 https://registry.npmjs.org/@babel/traverse/-/traverse-7.29.8.tgz 5164ms (cache miss)
1618 http fetch GET 200 https://registry.npmjs.org/@supabase/functions-js/-/functions-js-2.116.0.tgz 5247ms (cache miss)
1619 http fetch GET 200 https://registry.npmjs.org/@supabase/phoenix/-/phoenix-0.4.5.tgz 5265ms (cache miss)
1620 http fetch GET 200 https://registry.npmjs.org/tslib/-/tslib-2.8.1.tgz 5420ms (cache miss)
1621 http fetch GET 200 https://registry.npmjs.org/dom-helpers/-/dom-helpers-5.2.1.tgz 6061ms (cache miss)
1622 http fetch GET 200 https://registry.npmjs.org/@esbuild/darwin-x64/-/darwin-x64-0.25.12.tgz 6234ms (cache miss)
1623 http fetch GET 200 https://registry.npmjs.org/@babel/core/-/core-7.29.7.tgz 6201ms (cache miss)
1624 http fetch GET 200 https://registry.npmjs.org/@supabase/supabase-js/-/supabase-js-2.116.0.tgz 6213ms (cache miss)
1625 http fetch GET 200 https://registry.npmjs.org/@babel/runtime/-/runtime-7.29.7.tgz 6453ms (cache miss)
1626 http fetch GET 200 https://registry.npmjs.org/@supabase/realtime-js/-/realtime-js-2.116.0.tgz 6481ms (cache miss)
1627 http fetch GET 200 https://registry.npmjs.org/@babel/types/-/types-7.29.8.tgz 6704ms (cache miss)
1628 http fetch GET 200 https://registry.npmjs.org/vite/-/vite-6.4.3.tgz 6666ms (cache miss)
1629 http fetch GET 200 https://registry.npmjs.org/react-router/-/react-router-7.18.4.tgz 6872ms (cache miss)
1630 http fetch GET 200 https://registry.npmjs.org/react-dom/-/react-dom-19.3.0.tgz 6966ms (cache miss)
1631 http fetch GET 200 https://registry.npmjs.org/@babel/helpers/-/helpers-7.29.7.tgz 7021ms (cache miss)
1632 http fetch GET 200 https://registry.npmjs.org/@supabase/auth-js/-/auth-js-2.116.0.tgz 7362ms (cache miss)
1633 http fetch GET 200 https://registry.npmjs.org/@tailwindcss/oxide-darwin-x64/-/oxide-darwin-x64-4.3.3.tgz 7375ms (cache miss)
1634 http fetch GET 200 https://registry.npmjs.org/@types/node/-/node-22.20.4.tgz 7366ms (cache miss)
1635 http fetch GET 200 https://registry.npmjs.org/victory-vendor/-/victory-vendor-36.9.2.tgz 7671ms (cache miss)
1636 http fetch GET 200 https://registry.npmjs.org/lodash/-/lodash-4.18.1.tgz 7684ms (cache miss)
1637 http fetch GET 200 https://registry.npmjs.org/recharts/-/recharts-2.15.4.tgz 7648ms (cache miss)
1638 warn deprecated recharts@2.15.4: 1.x and 2.x branches are no longer active. Bump to Recharts v3 to receive latest features and bugfixes. See https://github.com/recharts/recharts/wiki/3.0-migration-guide
1639 http fetch GET 200 https://registry.npmjs.org/caniuse-lite/-/caniuse-lite-1.0.30001810.tgz 9061ms (cache miss)
1640 http fetch GET 200 https://registry.npmjs.org/lightningcss-darwin-x64/-/lightningcss-darwin-x64-1.32.0.tgz 11818ms (cache miss)
1641 http fetch GET 200 https://registry.npmjs.org/typescript/-/typescript-5.7.3.tgz 13034ms (cache miss)
1642 http fetch GET 200 https://registry.npmjs.org/date-fns/-/date-fns-4.4.0.tgz 15086ms (cache miss)
1643 http fetch GET 200 https://registry.npmjs.org/lucide-react/-/lucide-react-0.475.0.tgz 15752ms (cache miss)
1644 info run fsevents@2.3.3 install node_modules/fsevents node-gyp rebuild
1645 info run fsevents@2.3.3 install { code: 1, signal: null }
1646 verbose reify failed optional dependency /Volumes/Macintosh HD - Data 1/konveksi-pos/node_modules/fsevents
1647 silly reify mark deleted [ '/Volumes/Macintosh HD - Data 1/konveksi-pos/node_modules/fsevents' ]
1648 info run esbuild@0.25.12 postinstall node_modules/esbuild node install.js
1649 info run esbuild@0.25.12 postinstall { code: 0, signal: null }
1650 silly ADD node_modules/@types/estree
1651 silly ADD node_modules/@rollup/rollup-darwin-x64
1652 silly ADD node_modules/nanoid
1653 silly ADD node_modules/@esbuild/darwin-x64
1654 silly ADD node_modules/tinyglobby
1655 silly ADD node_modules/rollup
1656 silly ADD node_modules/postcss
1657 silly ADD node_modules/picomatch
1658 silly ADD
1659 silly ADD node_modules/fdir
1660 silly ADD node_modules/esbuild
1661 silly ADD node_modules/d3-path
1662 silly ADD node_modules/d3-time-format
1663 silly ADD node_modules/d3-format
1664 silly ADD node_modules/d3-color
1665 silly ADD node_modules/internmap
1666 silly ADD node_modules/@types/d3-path
1667 silly ADD node_modules/@types/d3-color
1668 silly ADD node_modules/d3-timer
1669 silly ADD node_modules/d3-time
1670 silly ADD node_modules/d3-shape
1671 silly ADD node_modules/d3-scale
1672 silly ADD node_modules/d3-interpolate
1673 silly ADD node_modules/d3-ease
1674 silly ADD node_modules/d3-array
1675 silly ADD node_modules/@types/d3-timer
1676 silly ADD node_modules/@types/d3-time
1677 silly ADD node_modules/@types/d3-shape
1678 silly ADD node_modules/@types/d3-scale
1679 silly ADD node_modules/@types/d3-interpolate
1680 silly ADD node_modules/@types/d3-ease
1681 silly ADD node_modules/@types/d3-array
1682 silly ADD node_modules/escalade
1683 silly ADD node_modules/decimal.js-light
1684 silly ADD node_modules/dom-helpers
1685 silly ADD node_modules/@babel/runtime
1686 silly ADD node_modules/object-assign
1687 silly ADD node_modules/loose-envify
1688 silly ADD node_modules/react-transition-group
1689 silly ADD node_modules/prop-types
1690 silly ADD node_modules/prop-types/node_modules/react-is
1691 silly ADD node_modules/fast-equals
1692 silly ADD node_modules/victory-vendor
1693 silly ADD node_modules/tiny-invariant
1694 silly ADD node_modules/recharts-scale
1695 silly ADD node_modules/react-smooth
1696 silly ADD node_modules/react-is
1697 silly ADD node_modules/lodash
1698 silly ADD node_modules/eventemitter3
1699 silly ADD node_modules/set-cookie-parser
1700 silly ADD node_modules/cookie
1701 silly ADD node_modules/react-router
1702 silly ADD node_modules/scheduler
1703 silly ADD node_modules/yallist
1704 silly ADD node_modules/lightningcss-darwin-x64
1705 silly ADD node_modules/detect-libc
1706 silly ADD node_modules/tapable
1707 silly ADD node_modules/graceful-fs
1708 silly ADD node_modules/ms
1709 silly ADD node_modules/update-browserslist-db
1710 silly ADD node_modules/node-releases
1711 silly ADD node_modules/electron-to-chromium
1712 silly ADD node_modules/caniuse-lite
1713 silly ADD node_modules/baseline-browser-mapping
1714 silly ADD node_modules/@types/babel__traverse
1715 silly ADD node_modules/@types/babel__template
1716 silly ADD node_modules/@types/babel__generator
1717 silly ADD node_modules/@babel/helper-string-parser
1718 silly ADD node_modules/@babel/helper-globals
1719 silly ADD node_modules/@babel/helper-plugin-utils
1720 silly ADD node_modules/@babel/helper-module-imports
1721 silly ADD node_modules/lru-cache
1722 silly ADD node_modules/browserslist
1723 silly ADD node_modules/@babel/helper-validator-option
1724 silly ADD node_modules/@babel/compat-data
1725 silly ADD node_modules/jsesc
1726 silly ADD node_modules/picocolors
1727 silly ADD node_modules/js-tokens
1728 silly ADD node_modules/@babel/helper-validator-identifier
1729 silly ADD node_modules/semver
1730 silly ADD node_modules/json5
1731 silly ADD node_modules/gensync
1732 silly ADD node_modules/debug
1733 silly ADD node_modules/convert-source-map
1734 silly ADD node_modules/@babel/types
1735 silly ADD node_modules/@babel/traverse
1736 silly ADD node_modules/@babel/template
1737 silly ADD node_modules/@babel/parser
1738 silly ADD node_modules/@babel/helpers
1739 silly ADD node_modules/@babel/helper-module-transforms
1740 silly ADD node_modules/@babel/helper-compilation-targets
1741 silly ADD node_modules/@babel/generator
1742 silly ADD node_modules/@babel/code-frame
1743 silly ADD node_modules/react-refresh
1744 silly ADD node_modules/@types/babel__core
1745 silly ADD node_modules/@rolldown/pluginutils
1746 silly ADD node_modules/@babel/plugin-transform-react-jsx-source
1747 silly ADD node_modules/@babel/plugin-transform-react-jsx-self
1748 silly ADD node_modules/@babel/core
1749 silly ADD node_modules/csstype
1750 silly ADD node_modules/undici-types
1751 silly ADD node_modules/@tailwindcss/oxide-darwin-x64
1752 silly ADD node_modules/@jridgewell/resolve-uri
1753 silly ADD node_modules/@jridgewell/sourcemap-codec
1754 silly ADD node_modules/@jridgewell/trace-mapping
1755 silly ADD node_modules/@jridgewell/gen-mapping
1756 silly ADD node_modules/source-map-js
1757 silly ADD node_modules/magic-string
1758 silly ADD node_modules/lightningcss
1759 silly ADD node_modules/jiti
1760 silly ADD node_modules/enhanced-resolve
1761 silly ADD node_modules/@jridgewell/remapping
1762 silly ADD node_modules/@tailwindcss/oxide
1763 silly ADD node_modules/@tailwindcss/node
1764 silly ADD node_modules/iceberg-js
1765 silly ADD node_modules/@supabase/phoenix
1766 silly ADD node_modules/tslib
1767 silly ADD node_modules/@supabase/storage-js
1768 silly ADD node_modules/@supabase/realtime-js
1769 silly ADD node_modules/@supabase/postgrest-js
1770 silly ADD node_modules/@supabase/functions-js
1771 silly ADD node_modules/@supabase/auth-js
1772 silly ADD node_modules/zustand
1773 silly ADD node_modules/typescript
1774 silly ADD node_modules/tailwindcss
1775 silly ADD node_modules/tailwind-merge
1776 silly ADD node_modules/sonner
1777 silly ADD node_modules/recharts
1778 silly ADD node_modules/react-router-dom
1779 silly ADD node_modules/react-dom
1780 silly ADD node_modules/react
1781 silly ADD node_modules/lucide-react
1782 silly ADD node_modules/date-fns
1783 silly ADD node_modules/clsx
1784 silly ADD node_modules/class-variance-authority
1785 silly ADD node_modules/@vitejs/plugin-react
1786 silly ADD node_modules/@types/react-dom
1787 silly ADD node_modules/@types/react
1788 silly ADD node_modules/@types/node
1789 silly ADD node_modules/vite
1790 silly ADD node_modules/@tailwindcss/vite
1791 silly ADD node_modules/@supabase/supabase-js
1792 verbose cwd /Volumes/Macintosh HD - Data 1/konveksi-pos
1793 verbose os Darwin 21.6.0
1794 verbose node v24.15.0
1795 verbose npm  v11.12.1
1796 verbose exit 0
1797 info ok
